date,ticker,open,high,low,close,volume
2026-10-06,0050.TW,116.30000305175781,116.5999984741211,115.69999694824219,116.5,70650860.0
2026-10-06,0051.TW,152.39999389648438,152.6999969482422,152.0500030517578,152.35000610351562,39641.0
2026-10-06,0053.TW,263.1000061035156,263.3999938964844,262.0,263.1000061035156,190435.0
2026-10-06,0055.TW,48.939998626708984,49.279998779296875,48.88999938964844,49.2599983215332,570135.0
2026-10-06,0056.TW,58.0,58.150001525878906,57.599998474121094,58.099998474121094,40238338.0
2026-10-06,0057.TW,344.6000061035156,345.70001220703125,344.5,345.70001220703125,18167.0
2026-10-06,0061.TW,23.079999923706055,23.139999389648438,23.030000686645508,23.030000686645508,156304.0
2026-10-06,1101.TW,25.0,25.299999237060547,24.799999237060547,25.200000762939453,26865394.0
2026-10-06,1102.TW,35.099998474121094,35.599998474121094,34.95000076293945,35.45000076293945,6936759.0
2026-10-06,1110.TW,14.449999809265137,14.449999809265137,14.050000190734863,14.350000381469727,339842.0
2026-10-06,1201.TW,11.449999809265137,11.449999809265137,11.300000190734863,11.350000381469727,505328.0
2026-10-06,1210.TW,51.20000076293945,51.400001525878906,51.0,51.29999923706055,779577.0
2026-10-06,1213.TW,7.199999809265137,7.199999809265137,7.199999809265137,7.199999809265137,3000.0
2026-10-06,1215.TW,104.0,104.5,103.5,104.0,310234.0
2026-10-06,1217.TW,9.930000305175781,9.930000305175781,9.859999656677246,9.869999885559082,357077.0
2026-10-06,1219.TW,11.199999809265137,11.199999809265137,11.100000381469727,11.199999809265137,175662.0
2026-10-06,1225.TW,24.149999618530273,24.200000762939453,23.549999237060547,23.549999237060547,149508.0
2026-10-06,1227.TW,27.75,27.75,27.450000762939453,27.5,1554740.0
2026-10-06,1231.TW,78.4000015258789,78.4000015258789,77.5,77.9000015258789,593220.0
2026-10-06,1232.TW,154.0,154.0,153.0,153.0,91351.0
2026-10-06,1233.TW,28.0,28.100000381469727,27.950000762939453,28.0,11007.0
2026-10-06,1234.TW,32.400001525878906,32.45000076293945,32.099998474121094,32.45000076293945,282613.0
2026-10-06,1235.TW,30.799999237060547,31.700000762939453,30.5,31.700000762939453,21669.0
2026-10-06,1301.TW,68.5,69.0,67.5,68.5999984741211,21574879.0
2026-10-06,1303.TW,288.0,300.0,274.5,293.0,115319789.0
2026-10-06,1304.TW,12.600000381469727,12.649999618530273,12.449999809265137,12.5,1366797.0
2026-10-06,1305.TW,12.399999618530273,12.449999809265137,12.199999809265137,12.399999618530273,729657.0
2026-10-06,1307.TW,30.899999618530273,31.799999237060547,30.799999237060547,31.299999237060547,591129.0
2026-10-06,1308.TW,14.300000190734863,14.449999809265137,14.199999809265137,14.350000381469727,720668.0
2026-10-06,1309.TW,14.100000381469727,14.149999618530273,13.899999618530273,14.050000190734863,829837.0
2026-10-06,1310.TW,9.529999732971191,9.630000114440918,9.319999694824219,9.550000190734863,2020041.0
2026-10-06,1312.TW,14.600000381469727,15.100000381469727,14.449999809265137,14.850000381469727,21537174.0
2026-10-06,1313.TW,12.5,12.649999618530273,12.350000381469727,12.449999809265137,1952001.0
2026-10-06,1315.TW,69.0999984741211,69.0999984741211,68.5999984741211,69.0,48125.0
2026-10-06,1319.TW,78.0999984741211,78.30000305175781,77.69999694824219,78.0999984741211,878964.0
2026-10-06,1324.TW,9.899999618530273,10.050000190734863,9.829999923706055,9.949999809265137,189837.0
2026-10-06,1325.TW,26.0,27.899999618530273,26.0,26.5,1285362.0
2026-10-06,1326.TW,72.19999694824219,73.4000015258789,70.80000305175781,73.0,27943045.0
2026-10-06,1338.TW,14.949999809265137,15.0,14.800000190734863,15.0,42338.0
2026-10-06,1339.TW,42.70000076293945,42.70000076293945,41.54999923706055,42.0,90842.0
2026-10-06,1340.TW,5.21999979019165,5.21999979019165,5.099999904632568,5.119999885559082,223501.0
2026-10-06,1342.TW,99.80000305175781,100.5,99.80000305175781,99.9000015258789,87132.0
2026-10-06,1402.TW,27.799999237060547,28.049999237060547,27.75,27.899999618530273,4051275.0
2026-10-06,1410.TW,24.049999237060547,24.100000381469727,23.850000381469727,24.100000381469727,22099.0
2026-10-06,1413.TW,9.029999732971191,9.289999961853027,9.0,9.279999732971191,55000.0
2026-10-06,1414.TW,17.299999237060547,17.350000381469727,17.149999618530273,17.299999237060547,39067.0
2026-10-06,1416.TW,11.850000381469727,11.850000381469727,11.699999809265137,11.75,149572.0
2026-10-06,1432.TW,14.949999809265137,15.0,14.899999618530273,15.0,58561.0
2026-10-06,1435.TW,21.5,22.350000381469727,21.0,22.350000381469727,23578.0
2026-10-06,1436.TW,36.25,36.400001525878906,35.79999923706055,35.849998474121094,148855.0
2026-10-06,1438.TW,21.549999237060547,21.950000762939453,21.450000762939453,21.950000762939453,23500.0
2026-10-06,1439.TW,28.450000762939453,29.149999618530273,28.450000762939453,29.149999618530273,21183.0
2026-10-06,1440.TW,13.399999618530273,13.550000190734863,13.350000381469727,13.5,2028294.0
2026-10-06,1441.TW,9.800000190734863,9.949999809265137,9.75,9.949999809265137,14910.0
2026-10-06,1442.TW,26.100000381469727,26.25,25.950000762939453,26.0,372337.0
2026-10-06,1443.TW,22.799999237060547,23.549999237060547,22.799999237060547,23.549999237060547,26006.0
2026-10-06,1444.TW,6.860000133514404,6.860000133514404,6.75,6.78000020980835,602356.0
2026-10-06,1445.TW,9.899999618530273,10.350000381469727,9.899999618530273,10.350000381469727,144400.0
2026-10-06,1447.TW,6.440000057220459,6.440000057220459,6.380000114440918,6.389999866485596,439779.0
2026-10-06,1451.TW,17.0,17.049999237060547,16.899999618530273,17.0,104625.0
2026-10-06,1452.TW,10.600000381469727,10.699999809265137,10.600000381469727,10.699999809265137,28823.0
2026-10-06,1453.TW,10.850000381469727,11.0,10.850000381469727,11.0,29119.0
2026-10-06,1454.TW,12.050000190734863,12.199999809265137,12.0,12.199999809265137,27439.0
2026-10-06,1455.TW,9.930000305175781,9.989999771118164,9.880000114440918,9.920000076293945,608486.0
2026-10-06,1457.TW,14.300000190734863,14.300000190734863,14.050000190734863,14.050000190734863,218582.0
2026-10-06,1465.TW,11.649999618530273,11.75,11.449999809265137,11.5,72889.0
2026-10-06,1467.TW,8.220000267028809,8.220000267028809,8.0,8.0,346008.0
2026-10-06,1468.TW,13.100000381469727,13.350000381469727,12.800000190734863,13.350000381469727,92000.0
2026-10-06,1471.TW,9.460000038146973,9.479999542236328,9.350000381469727,9.399999618530273,197735.0
2026-10-06,1474.TW,9.970000267028809,9.979999542236328,9.819999694824219,9.979999542236328,120710.0
2026-10-06,1475.TW,25.899999618530273,26.100000381469727,25.5,25.950000762939453,86017.0
2026-10-06,1476.TW,277.0,291.0,274.5,290.0,2701672.0
2026-10-06,1477.TW,199.0,205.5,197.5,203.5,2254241.0
2026-10-06,1503.TW,196.0,198.0,195.5,197.0,565823.0
2026-10-06,1512.TW,6.21999979019165,6.400000095367432,6.110000133514404,6.289999961853027,58135.0
2026-10-06,1513.TW,167.0,168.0,165.5,167.0,1599328.0
2026-10-06,1514.TW,102.5,104.0,102.0,103.5,1063763.0
2026-10-06,1515.TW,28.649999618530273,28.649999618530273,28.299999237060547,28.299999237060547,595538.0
2026-10-06,1516.TW,13.199999809265137,13.850000381469727,13.199999809265137,13.449999809265137,31239.0
2026-10-06,1519.TW,695.0,699.0,688.0,696.0,1063834.0
2026-10-06,1521.TW,25.549999237060547,25.950000762939453,25.5,25.950000762939453,33098.0
2026-10-06,1524.TW,25.75,25.899999618530273,25.649999618530273,25.700000762939453,245368.0
2026-10-06,1525.TW,63.29999923706055,64.9000015258789,63.29999923706055,63.5,16088.0
2026-10-06,1526.TW,14.850000381469727,14.949999809265137,14.699999809265137,14.949999809265137,37221.0
2026-10-06,1527.TW,32.70000076293945,32.70000076293945,32.349998474121094,32.45000076293945,100081.0
2026-10-06,1529.TW,15.899999618530273,15.899999618530273,15.550000190734863,15.699999809265137,675134.0
2026-10-06,1535.TW,45.29999923706055,46.099998474121094,45.150001525878906,46.099998474121094,39063.0
2026-10-06,1536.TW,46.20000076293945,46.79999923706055,46.20000076293945,46.400001525878906,681039.0
2026-10-06,1539.TW,15.600000381469727,15.699999809265137,15.550000190734863,15.699999809265137,29003.0
2026-10-06,1540.TW,18.850000381469727,19.049999237060547,18.850000381469727,18.899999618530273,114664.0
2026-10-06,1541.TW,20.350000381469727,20.700000762939453,20.350000381469727,20.700000762939453,14001.0
2026-10-06,1558.TW,109.0,111.5,107.5,110.0,161375.0
2026-10-06,1563.TW,78.0,79.69999694824219,76.69999694824219,79.30000305175781,844861.0
2026-10-06,1568.TW,31.450000762939453,31.75,31.049999237060547,31.399999618530273,256017.0
2026-10-06,1587.TW,23.399999618530273,23.649999618530273,23.149999618530273,23.350000381469727,61442.0
2026-10-06,1590.TW,1205.0,1205.0,1170.0,1195.0,486307.0
2026-10-06,1597.TW,146.5,150.0,142.5,145.0,948574.0
2026-10-06,1598.TW,20.350000381469727,20.350000381469727,20.0,20.0,173213.0
2026-10-06,1603.TW,30.549999237060547,30.700000762939453,30.299999237060547,30.399999618530273,83601.0
2026-10-06,1604.TW,23.25,23.399999618530273,23.25,23.25,194212.0
2026-10-06,1609.TW,38.400001525878906,38.45000076293945,38.04999923706055,38.349998474121094,2562527.0
2026-10-06,1611.TW,11.25,11.350000381469727,11.25,11.25,340426.0
2026-10-06,1612.TW,35.04999923706055,35.20000076293945,34.849998474121094,34.849998474121094,484288.0
2026-10-06,1615.TW,42.25,42.29999923706055,41.70000076293945,41.849998474121094,167787.0
2026-10-06,1618.TW,38.900001525878906,39.29999923706055,38.79999923706055,38.95000076293945,241233.0
2026-10-06,1623.TW,198.0,198.0,196.0,198.0,56806.0
2026-10-06,1626.TW,9.789999961853027,9.800000190734863,9.619999885559082,9.800000190734863,22589.0
2026-10-06,1702.TW,32.79999923706055,32.79999923706055,32.5,32.70000076293945,113276.0
2026-10-06,1707.TW,84.5,84.69999694824219,84.19999694824219,84.19999694824219,184805.0
2026-10-06,1708.TW,57.29999923706055,57.900001525878906,56.400001525878906,57.099998474121094,5819721.0
2026-10-06,1710.TW,17.600000381469727,17.700000762939453,17.149999618530273,17.299999237060547,3864001.0
2026-10-06,1712.TW,39.650001525878906,39.95000076293945,39.599998474121094,39.70000076293945,295652.0
2026-10-06,1713.TW,45.349998474121094,45.400001525878906,44.650001525878906,45.400001525878906,283981.0
2026-10-06,1718.TW,11.199999809265137,11.399999618530273,10.800000190734863,11.350000381469727,26266791.0
2026-10-06,1720.TW,55.70000076293945,56.20000076293945,55.70000076293945,55.900001525878906,113975.0
2026-10-06,1722.TW,41.0,41.20000076293945,40.900001525878906,41.04999923706055,1759588.0
2026-10-06,1723.TW,80.0999984741211,81.0,80.0,80.9000015258789,253382.0
2026-10-06,1726.TW,76.30000305175781,76.4000015258789,76.0,76.4000015258789,49342.0
2026-10-06,1730.TW,51.400001525878906,51.5,51.20000076293945,51.20000076293945,22026.0
2026-10-06,1733.TW,30.350000381469727,30.399999618530273,29.75,29.799999237060547,136357.0
2026-10-06,1734.TW,32.0,32.099998474121094,31.799999237060547,32.099998474121094,178390.0
2026-10-06,1735.TW,24.200000762939453,24.5,23.100000381469727,23.399999618530273,1338109.0
2026-10-06,1736.TW,124.0,124.5,120.5,120.5,570620.0
2026-10-06,1760.TW,53.900001525878906,54.0,53.599998474121094,53.70000076293945,94454.0
2026-10-06,1762.TW,34.29999923706055,34.29999923706055,33.54999923706055,33.70000076293945,37444.0
2026-10-06,1773.TW,181.5,182.5,175.5,182.0,1347126.0
2026-10-06,1776.TW,18.200000762939453,18.5,18.200000762939453,18.5,29020.0
2026-10-06,1783.TW,37.900001525878906,38.75,37.5,38.599998474121094,93237.0
2026-10-06,1786.TW,41.04999923706055,41.349998474121094,40.599998474121094,41.0,294560.0
2026-10-06,1789.TW,18.649999618530273,18.799999237060547,18.549999237060547,18.649999618530273,227973.0
2026-10-06,1806.TW,7.880000114440918,7.929999828338623,7.809999942779541,7.849999904632568,291214.0
2026-10-06,1808.TW,31.350000381469727,31.600000381469727,31.25,31.350000381469727,481791.0
2026-10-06,1809.TW,46.599998474121094,46.599998474121094,44.70000076293945,44.70000076293945,2721005.0
2026-10-06,1810.TW,23.75,23.799999237060547,23.5,23.5,1035555.0
2026-10-06,1905.TW,12.75,12.800000190734863,12.600000381469727,12.649999618530273,1427151.0
2026-10-06,1907.TW,27.549999237060547,28.0,27.549999237060547,27.75,425415.0
2026-10-06,1909.TW,10.050000190734863,10.25,10.050000190734863,10.100000381469727,2452383.0
2026-10-06,2007.TW,6.909999847412109,6.96999979019165,6.880000114440918,6.949999809265137,195670.0
2026-10-06,2008.TW,30.5,31.450000762939453,30.0,31.450000762939453,52998.0
2026-10-06,2009.TW,39.400001525878906,39.54999923706055,39.04999923706055,39.5,684177.0
2026-10-06,2010.TW,22.399999618530273,22.600000381469727,22.299999237060547,22.549999237060547,533575.0
2026-10-06,2012.TW,14.199999809265137,14.199999809265137,14.0,14.149999618530273,116191.0
2026-10-06,2013.TW,41.04999923706055,41.400001525878906,41.04999923706055,41.099998474121094,48431.0
2026-10-06,2014.TW,16.899999618530273,17.0,16.799999237060547,16.950000762939453,1153262.0
2026-10-06,2020.TW,24.799999237060547,25.399999618530273,24.5,24.649999618530273,2221897.0
2026-10-06,2023.TW,13.800000190734863,13.949999809265137,13.800000190734863,13.850000381469727,498881.0
2026-10-06,2024.TW,12.850000381469727,13.100000381469727,12.850000381469727,13.0,14245.0
2026-10-06,2025.TW,14.0,14.300000190734863,13.800000190734863,13.850000381469727,877719.0
2026-10-06,2027.TW,48.20000076293945,48.25,47.650001525878906,47.70000076293945,5167126.0
2026-10-06,2029.TW,21.75,21.899999618530273,21.600000381469727,21.649999618530273,188170.0
2026-10-06,2032.TW,19.100000381469727,19.549999237060547,18.549999237060547,19.149999618530273,1198852.0
2026-10-06,2033.TW,51.599998474121094,53.5,48.79999923706055,52.79999923706055,1431156.0
2026-10-06,2038.TW,12.850000381469727,12.850000381469727,12.350000381469727,12.350000381469727,305710.0
2026-10-06,2059.TW,13500.0,13500.0,12845.0,13100.0,748644.0
2026-10-06,2062.TW,17.950000762939453,17.950000762939453,17.799999237060547,17.899999618530273,117593.0
2026-10-06,2072.TW,129.0,130.0,128.5,128.5,79349.0
2026-10-06,2101.TW,28.75,29.25,28.700000762939453,29.100000381469727,1451959.0
2026-10-06,2104.TW,11.300000190734863,11.399999618530273,11.050000190734863,11.25,3084643.0
2026-10-06,2106.TW,16.549999237060547,16.600000381469727,16.450000762939453,16.5,268887.0
2026-10-06,2107.TW,27.0,28.0,27.0,27.75,953398.0
2026-10-06,2108.TW,28.200000762939453,28.850000381469727,28.100000381469727,28.700000762939453,562807.0
2026-10-06,2109.TW,14.300000190734863,14.300000190734863,14.199999809265137,14.25,116781.0
2026-10-06,2114.TW,90.80000305175781,90.80000305175781,89.80000305175781,90.0999984741211,30484.0
2026-10-06,2201.TW,28.299999237060547,28.399999618530273,28.200000762939453,28.200000762939453,3232080.0
2026-10-06,2204.TW,51.099998474121094,51.29999923706055,50.900001525878906,51.099998474121094,450692.0
2026-10-06,2206.TW,62.599998474121094,63.29999923706055,62.400001525878906,63.099998474121094,652007.0
2026-10-06,2208.TW,18.649999618530273,18.700000762939453,18.399999618530273,18.450000762939453,3489725.0
2026-10-06,2211.TW,79.0,79.30000305175781,78.80000305175781,79.0999984741211,352040.0
2026-10-06,2227.TW,44.0,45.0,44.0,45.0,46459.0
2026-10-06,2228.TW,73.80000305175781,74.5999984741211,73.80000305175781,73.9000015258789,38291.0
2026-10-06,2236.TW,99.0,102.0,88.19999694824219,88.19999694824219,3540147.0
2026-10-06,2237.TW,26.950000762939453,26.950000762939453,26.450000762939453,26.799999237060547,126206.0
2026-10-06,2243.TW,55.29999923706055,58.0,54.400001525878906,57.29999923706055,618685.0
2026-10-06,2250.TW,56.599998474121094,56.599998474121094,54.79999923706055,55.099998474121094,39682.0
2026-10-06,2254.TW,95.0999984741211,102.0,94.5999984741211,101.5,4342807.0
2026-10-06,2301.TW,298.0,303.0,292.5,299.0,17222207.0
2026-10-06,2302.TW,49.400001525878906,49.400001525878906,46.04999923706055,46.400001525878906,6156520.0
2026-10-06,2303.TW,149.0,150.0,146.0,147.5,310157152.0
2026-10-06,2305.TW,58.599998474121094,63.5,57.20000076293945,58.29999923706055,29033344.0
2026-10-06,2308.TW,2045.0,2115.0,2010.0,2050.0,14807098.0
2026-10-06,2312.TW,31.200000762939453,31.549999237060547,30.600000381469727,30.700000762939453,8007788.0
2026-10-06,2314.TW,10.899999618530273,10.949999809265137,10.899999618530273,10.899999618530273,134065.0
2026-10-06,2327.TW,630.0,635.0,615.0,625.0,29581981.0
2026-10-06,2328.TW,48.79999923706055,49.599998474121094,48.099998474121094,48.099998474121094,1993963.0
2026-10-06,2329.TW,45.0,45.650001525878906,44.5,45.349998474121094,2276723.0
2026-10-06,2330.TW,2575.0,2590.0,2565.0,2585.0,19786778.0
2026-10-06,2332.TW,20.399999618530273,20.700000762939453,20.200000762939453,20.399999618530273,6727296.0
2026-10-06,2337.TW,121.5,122.5,119.5,119.5,13110311.0
2026-10-06,2338.TW,48.29999923706055,48.54999923706055,47.0,47.650001525878906,3795443.0
2026-10-06,2340.TW,50.29999923706055,50.400001525878906,45.29999923706055,47.29999923706055,45661208.0
2026-10-06,2342.TW,49.70000076293945,50.29999923706055,48.0,49.5,5819390.0
2026-10-06,2344.TW,181.5,183.0,177.5,177.5,58285113.0
2026-10-06,2345.TW,2080.0,2105.0,2035.0,2050.0,3685707.0
2026-10-06,2347.TW,96.0,96.5999984741211,94.9000015258789,95.80000305175781,2511286.0
2026-10-06,2348.TW,70.69999694824219,71.9000015258789,70.4000015258789,70.5999984741211,221173.0
2026-10-06,2349.TW,10.350000381469727,10.399999618530273,10.25,10.300000190734863,1527933.0
2026-10-06,2351.TW,226.0,226.0,216.0,218.5,3583815.0
2026-10-06,2352.TW,29.350000381469727,29.799999237060547,28.799999237060547,28.799999237060547,5549057.0
2026-10-06,2353.TW,31.299999237060547,31.399999618530273,31.049999237060547,31.049999237060547,15477704.0
2026-10-06,2354.TW,64.0,64.80000305175781,62.70000076293945,62.70000076293945,12413079.0
2026-10-06,2355.TW,44.70000076293945,45.20000076293945,43.79999923706055,43.79999923706055,5419399.0
2026-10-06,2356.TW,58.20000076293945,58.900001525878906,58.099998474121094,58.599998474121094,12042306.0
2026-10-06,2357.TW,995.0,1005.0,977.0,1000.0,1551079.0
2026-10-06,2360.TW,2330.0,2370.0,2275.0,2350.0,1944994.0
2026-10-06,2363.TW,59.599998474121094,60.099998474121094,58.099998474121094,59.099998474121094,5776258.0
2026-10-06,2364.TW,64.69999694824219,65.19999694824219,64.5,64.5999984741211,83661.0
2026-10-06,2365.TW,28.0,28.0,27.649999618530273,27.75,753148.0
2026-10-06,2369.TW,31.950000762939453,31.950000762939453,31.200000762939453,31.399999618530273,2589384.0
2026-10-06,2371.TW,30.149999618530273,30.899999618530273,30.0,30.600000381469727,11363664.0
2026-10-06,2373.TW,52.5,53.29999923706055,52.29999923706055,53.20000076293945,76553.0
2026-10-06,2374.TW,66.9000015258789,67.5,66.0999984741211,66.19999694824219,1345700.0
2026-10-06,2377.TW,157.0,158.5,154.5,155.0,4865076.0
2026-10-06,2379.TW,755.0,757.0,747.0,755.0,1572817.0
2026-10-06,2380.TW,16.600000381469727,16.75,16.200000762939453,16.450000762939453,62556.0
2026-10-06,2382.TW,332.5,336.0,331.5,333.5,9885190.0
2026-10-06,2383.TW,6040.0,6115.0,5820.0,5995.0,5078024.0
2026-10-06,2385.TW,105.5,106.5,105.0,105.5,3148721.0
2026-10-06,2387.TW,36.20000076293945,36.5,36.0,36.400001525878906,356783.0
2026-10-06,2388.TW,72.19999694824219,72.30000305175781,70.5999984741211,70.5999984741211,2098734.0
2026-10-06,2390.TW,10.100000381469727,10.149999618530273,9.960000038146973,10.0,441694.0
2026-10-06,2392.TW,41.650001525878906,42.0,41.150001525878906,41.150001525878906,1070173.0
2026-10-06,2393.TW,67.19999694824219,67.80000305175781,66.5,67.19999694824219,1753039.0
2026-10-06,2395.TW,743.0,752.0,733.0,738.0,2238031.0
2026-10-06,2397.TW,64.69999694824219,65.19999694824219,64.0999984741211,64.30000305175781,168416.0
2026-10-06,2399.TW,48.79999923706055,50.29999923706055,47.900001525878906,49.29999923706055,6276490.0
2026-10-06,2401.TW,26.700000762939453,27.0,26.100000381469727,26.75,2986270.0
2026-10-06,2402.TW,59.0,60.5,58.599998474121094,59.20000076293945,2267803.0
2026-10-06,2404.TW,1320.0,1355.0,1305.0,1335.0,1584240.0
2026-10-06,2405.TW,15.199999809265137,15.199999809265137,15.050000190734863,15.050000190734863,788277.0
2026-10-06,2406.TW,32.20000076293945,32.650001525878906,31.450000762939453,31.549999237060547,9526675.0
2026-10-06,2409.TW,39.25,39.5,37.150001525878906,37.45000076293945,495042134.0
2026-10-06,2412.TW,145.5,145.5,144.0,145.5,7049862.0
2026-10-06,2414.TW,53.5,53.900001525878906,53.29999923706055,53.900001525878906,154711.0
2026-10-06,2415.TW,28.149999618530273,30.649999618530273,28.049999237060547,30.649999618530273,1372584.0
2026-10-06,2419.TW,27.700000762939453,27.899999618530273,27.399999618530273,27.5,1055678.0
2026-10-06,2420.TW,58.0,59.0,56.900001525878906,57.0,481286.0
2026-10-06,2421.TW,171.5,176.0,167.5,173.0,3699898.0
2026-10-06,2423.TW,72.5999984741211,72.5999984741211,70.30000305175781,70.5,109378.0
2026-10-06,2424.TW,8.149999618530273,9.069999694824219,8.149999618530273,8.649999618530273,25456.0
2026-10-06,2425.TW,37.20000076293945,37.20000076293945,36.5,36.5,609279.0
2026-10-06,2427.TW,22.799999237060547,23.549999237060547,22.75,22.850000381469727,772075.0
2026-10-06,2429.TW,30.5,30.850000381469727,30.0,30.399999618530273,283430.0
2026-10-06,2432.TW,27.700000762939453,27.75,27.5,27.75,17700.0
2026-10-06,2433.TW,40.0,40.0,39.599998474121094,39.650001525878906,96196.0
2026-10-06,2434.TW,61.5,61.900001525878906,59.79999923706055,61.400001525878906,255961.0
2026-10-06,2436.TW,73.80000305175781,75.4000015258789,72.80000305175781,74.0999984741211,6173272.0
2026-10-06,2438.TW,20.0,20.0,19.0,19.75,127101.0
2026-10-06,2439.TW,75.9000015258789,75.9000015258789,75.0999984741211,75.19999694824219,1119833.0
2026-10-06,2440.TW,14.399999618530273,14.5,14.050000190734863,14.149999618530273,317641.0
2026-10-06,2441.TW,125.0,127.5,124.0,126.5,3489359.0
2026-10-06,2442.TW,14.0,14.0,13.699999809265137,13.949999809265137,1267284.0
2026-10-06,2444.TW,15.800000190734863,16.450000762939453,15.149999618530273,15.699999809265137,3112290.0
2026-10-06,2449.TW,297.0,301.0,288.5,298.0,23610162.0
2026-10-06,2450.TW,28.149999618530273,28.149999618530273,28.0,28.049999237060547,229077.0
2026-10-06,2451.TW,290.5,290.5,278.5,279.0,3755554.0
2026-10-06,2453.TW,53.400001525878906,53.70000076293945,53.0,53.20000076293945,204484.0
2026-10-06,2454.TW,5080.0,5085.0,4915.0,4920.0,9905801.0
2026-10-06,2455.TW,596.0,613.0,560.0,567.0,16062890.0
2026-10-06,2457.TW,22.299999237060547,22.350000381469727,22.049999237060547,22.049999237060547,691143.0
2026-10-06,2458.TW,134.5,134.5,131.0,133.0,1102482.0
2026-10-06,2460.TW,30.299999237060547,30.5,30.0,30.100000381469727,222493.0
2026-10-06,2461.TW,16.950000762939453,17.200000762939453,16.799999237060547,16.899999618530273,931007.0
2026-10-06,2462.TW,20.899999618530273,21.200000762939453,20.049999237060547,20.100000381469727,718127.0
2026-10-06,2464.TW,192.5,197.0,182.5,182.5,11173826.0
2026-10-06,2465.TW,92.19999694824219,92.4000015258789,89.5,90.69999694824219,932421.0
2026-10-06,2467.TW,583.0,590.0,570.0,576.0,1020586.0
2026-10-06,2468.TW,41.5,45.650001525878906,41.5,42.29999923706055,8204761.0
2026-10-06,2471.TW,50.70000076293945,52.20000076293945,50.70000076293945,51.0,309503.0
2026-10-06,2474.TW,207.5,207.5,205.5,206.0,1021201.0
2026-10-06,2476.TW,129.5,132.0,128.5,131.5,2577045.0
2026-10-06,2477.TW,22.649999618530273,22.649999618530273,22.399999618530273,22.600000381469727,161001.0
2026-10-06,2478.TW,128.0,130.0,125.5,128.5,2449896.0
2026-10-06,2480.TW,166.5,169.5,165.5,168.0,472358.0
2026-10-06,2482.TW,16.200000762939453,16.299999237060547,15.550000190734863,15.550000190734863,183051.0
2026-10-06,2483.TW,41.400001525878906,41.5,38.0,38.849998474121094,6055105.0
2026-10-06,2485.TW,45.0,48.0,42.900001525878906,42.900001525878906,44589698.0
2026-10-06,2488.TW,49.29999923706055,50.5,49.0,49.29999923706055,318656.0
2026-10-06,2489.TW,40.5,40.54999923706055,39.400001525878906,39.400001525878906,11307711.0
2026-10-06,2491.TW,40.04999923706055,40.5,39.54999923706055,39.95000076293945,580191.0
2026-10-06,2492.TW,370.0,395.0,362.5,389.5,56282464.0
2026-10-06,2493.TW,207.0,214.0,203.0,209.5,2862155.0
2026-10-06,2495.TW,39.0,39.0,38.20000076293945,38.400001525878906,1080461.0
2026-10-06,2496.TW,54.599998474121094,54.900001525878906,54.599998474121094,54.900001525878906,8601.0
2026-10-06,2498.TW,42.25,42.79999923706055,41.79999923706055,41.79999923706055,3823271.0
2026-10-06,2501.TW,20.350000381469727,20.549999237060547,20.200000762939453,20.200000762939453,1907316.0
2026-10-06,2504.TW,30.950000762939453,30.950000762939453,30.649999618530273,30.75,1489061.0
2026-10-06,2505.TW,16.950000762939453,17.049999237060547,16.850000381469727,17.049999237060547,84571.0
2026-10-06,2506.TW,8.350000381469727,8.390000343322754,8.319999694824219,8.390000343322754,85502.0
2026-10-06,2509.TW,13.850000381469727,13.899999618530273,13.699999809265137,13.699999809265137,167874.0
2026-10-06,2511.TW,8.270000457763672,8.279999732971191,8.220000267028809,8.229999542236328,870329.0
2026-10-06,2514.TW,11.300000190734863,11.350000381469727,11.199999809265137,11.199999809265137,64828.0
2026-10-06,2516.TW,14.899999618530273,15.100000381469727,14.5,14.5,313743.0
2026-10-06,2524.TW,33.599998474121094,34.150001525878906,33.599998474121094,33.650001525878906,78747.0
2026-10-06,2527.TW,52.400001525878906,52.400001525878906,49.29999923706055,49.95000076293945,1211923.0
2026-10-06,2528.TW,19.049999237060547,19.049999237060547,18.799999237060547,19.0,387828.0
2026-10-06,2530.TW,19.850000381469727,19.950000762939453,19.700000762939453,19.799999237060547,218814.0
2026-10-06,2534.TW,16.649999618530273,16.649999618530273,16.5,16.600000381469727,239290.0
2026-10-06,2539.TW,33.5,33.5,33.099998474121094,33.45000076293945,1131713.0
2026-10-06,2540.TW,47.349998474121094,47.650001525878906,47.349998474121094,47.400001525878906,315733.0
2026-10-06,2542.TW,38.099998474121094,38.54999923706055,37.95000076293945,38.20000076293945,6422294.0
2026-10-06,2543.TW,38.099998474121094,38.29999923706055,37.95000076293945,38.0,901216.0
2026-10-06,2545.TW,34.0,34.150001525878906,33.5,33.5,217289.0
2026-10-06,2546.TW,106.0,106.5,106.0,106.0,78955.0
2026-10-06,2548.TW,91.5,91.5999984741211,91.19999694824219,91.19999694824219,632752.0
2026-10-06,2597.TW,163.5,165.0,163.5,164.5,168695.0
2026-10-06,2601.TW,6.360000133514404,6.360000133514404,6.070000171661377,6.119999885559082,5524971.0
2026-10-06,2606.TW,74.4000015258789,76.80000305175781,74.0999984741211,75.30000305175781,2707252.0
2026-10-06,2608.TW,28.899999618530273,28.899999618530273,28.600000381469727,28.600000381469727,101461.0
2026-10-06,2609.TW,58.70000076293945,59.900001525878906,58.29999923706055,59.20000076293945,13981844.0
2026-10-06,2610.TW,20.149999618530273,20.25,20.100000381469727,20.100000381469727,8507421.0
2026-10-06,2612.TW,61.599998474121094,64.4000015258789,61.599998474121094,63.0,633019.0
2026-10-06,2613.TW,21.850000381469727,22.149999618530273,21.5,21.950000762939453,428091.0
2026-10-06,2614.TW,16.100000381469727,16.399999618530273,15.75,15.949999809265137,5686699.0
2026-10-06,2615.TW,111.0,113.0,110.5,111.5,5588216.0
2026-10-06,2616.TW,13.100000381469727,13.199999809265137,13.100000381469727,13.149999618530273,108845.0
2026-10-06,2618.TW,41.900001525878906,42.400001525878906,41.5,41.54999923706055,15319964.0
2026-10-06,2630.TW,46.5,46.5,45.599998474121094,45.599998474121094,660442.0
2026-10-06,2636.TW,70.0999984741211,70.4000015258789,69.9000015258789,70.0999984741211,153453.0
2026-10-06,2646.TW,20.049999237060547,20.100000381469727,20.0,20.0,2612755.0
2026-10-06,2701.TW,10.199999809265137,10.399999618530273,10.199999809265137,10.350000381469727,92149.0
2026-10-06,2704.TW,45.29999923706055,45.29999923706055,44.70000076293945,44.70000076293945,61410.0
2026-10-06,2705.TW,15.0,15.100000381469727,15.0,15.050000190734863,86631.0
2026-10-06,2706.TW,12.050000190734863,12.25,12.050000190734863,12.100000381469727,80042.0
2026-10-06,2707.TW,174.5,175.0,174.5,174.5,78706.0
2026-10-06,2712.TW,13.149999618530273,13.300000190734863,13.100000381469727,13.300000190734863,39081.0
2026-10-06,2723.TW,76.5,77.9000015258789,76.5,77.19999694824219,105780.0
2026-10-06,2731.TW,144.0,145.5,143.5,143.5,201027.0
2026-10-06,2739.TW,36.900001525878906,36.900001525878906,36.20000076293945,36.29999923706055,20585.0
2026-10-06,2748.TW,38.79999923706055,38.79999923706055,38.650001525878906,38.650001525878906,51037.0
2026-10-06,2753.TW,183.5,183.5,180.5,181.0,105158.0
2026-10-06,2762.TW,78.5,78.9000015258789,77.80000305175781,77.80000305175781,80799.0
2026-10-06,2801.TW,27.25,27.549999237060547,27.200000762939453,27.399999618530273,11592887.0
2026-10-06,2812.TW,18.600000381469727,18.75,18.549999237060547,18.700000762939453,7819888.0
2026-10-06,2816.TW,39.75,39.95000076293945,39.650001525878906,39.650001525878906,131989.0
2026-10-06,2832.TW,56.5,56.70000076293945,56.20000076293945,56.20000076293945,127285.0
2026-10-06,2834.TW,17.299999237060547,17.399999618530273,17.25,17.350000381469727,15156104.0
2026-10-06,2836.TW,12.0,12.050000190734863,12.0,12.0,420465.0
2026-10-06,2838.TW,20.200000762939453,20.399999618530273,20.200000762939453,20.25,1271969.0
2026-10-06,2845.TW,12.800000190734863,12.899999618530273,12.800000190734863,12.850000381469727,3972614.0
2026-10-06,2850.TW,159.5,160.0,158.5,159.5,85994.0
2026-10-06,2851.TW,45.650001525878906,46.29999923706055,45.650001525878906,46.20000076293945,1252186.0
2026-10-06,2852.TW,27.549999237060547,27.600000381469727,27.25,27.350000381469727,532768.0
2026-10-06,2880.TW,44.599998474121094,45.45000076293945,44.599998474121094,45.45000076293945,6741674.0
2026-10-06,2881.TW,151.5,154.5,151.5,154.5,16588350.0
2026-10-06,2882.TW,112.0,113.0,111.0,112.0,17729388.0
2026-10-06,2883.TW,37.400001525878906,38.0,37.349998474121094,37.650001525878906,31192664.0
2026-10-06,2884.TW,45.0,45.45000076293945,44.95000076293945,45.45000076293945,12090884.0
2026-10-06,2886.TW,48.54999923706055,49.400001525878906,48.5,49.29999923706055,22203264.0
2026-10-06,2887.TW,40.95000076293945,41.650001525878906,40.900001525878906,41.45000076293945,22923999.0
2026-10-06,2889.TW,16.0,16.299999237060547,16.0,16.200000762939453,3466988.0
2026-10-06,2891.TW,67.5,68.5,67.5,68.4000015258789,29706100.0
2026-10-06,2892.TW,37.95000076293945,38.599998474121094,37.95000076293945,38.54999923706055,13111503.0
2026-10-06,2897.TW,10.600000381469727,10.649999618530273,10.550000190734863,10.600000381469727,1870937.0
2026-10-06,2903.TW,21.75,21.899999618530273,21.700000762939453,21.75,771083.0
2026-10-06,2904.TW,12.550000190734863,12.550000190734863,12.5,12.5,21251.0
2026-10-06,2905.TW,17.600000381469727,17.850000381469727,17.600000381469727,17.75,386004.0
2026-10-06,2906.TW,13.350000381469727,13.350000381469727,13.199999809265137,13.350000381469727,38989.0
2026-10-06,2908.TW,22.149999618530273,22.149999618530273,21.799999237060547,21.950000762939453,388596.0
2026-10-06,2911.TW,6.039999961853027,6.050000190734863,5.78000020980835,5.78000020980835,207492.0
2026-10-06,2912.TW,210.5,212.0,210.0,210.5,1564938.0
2026-10-06,2913.TW,10.899999618530273,11.0,10.850000381469727,10.899999618530273,1564246.0
2026-10-06,2923.TW,24.399999618530273,24.399999618530273,23.549999237060547,23.700000762939453,127757.0
2026-10-06,2939.TW,23.450000762939453,24.299999237060547,23.450000762939453,23.799999237060547,74367.0
2026-10-06,2945.TW,39.70000076293945,40.0,39.5,40.0,14530.0
2026-10-06,3002.TW,19.399999618530273,19.399999618530273,18.850000381469727,18.899999618530273,185822.0
2026-10-06,3004.TW,122.0,122.0,121.0,121.5,272119.0
2026-10-06,3005.TW,117.5,119.0,116.5,118.5,2272569.0
2026-10-06,3006.TW,282.0,282.0,273.0,273.5,7049284.0
2026-10-06,3011.TW,9.800000190734863,9.979999542236328,9.520000457763672,9.520000457763672,379003.0
2026-10-06,3013.TW,92.5999984741211,96.80000305175781,90.80000305175781,95.0,6080415.0
2026-10-06,3016.TW,186.0,189.5,181.5,188.0,4688471.0
2026-10-06,3021.TW,28.299999237060547,28.299999237060547,27.200000762939453,27.200000762939453,543632.0
2026-10-06,3022.TW,92.4000015258789,92.4000015258789,90.5,90.80000305175781,724204.0
2026-10-06,3024.TW,13.899999618530273,13.899999618530273,13.649999618530273,13.649999618530273,652073.0
2026-10-06,3025.TW,56.79999923706055,60.70000076293945,55.599998474121094,59.400001525878906,2093802.0
2026-10-06,3026.TW,820.0,823.0,796.0,796.0,5780912.0
2026-10-06,3029.TW,118.5,119.0,117.5,117.5,839636.0
2026-10-06,3030.TW,310.0,318.0,307.5,308.0,5243224.0
2026-10-06,3031.TW,33.400001525878906,34.599998474121094,31.049999237060547,34.20000076293945,14281588.0
2026-10-06,3034.TW,543.0,543.0,536.0,537.0,1669099.0
2026-10-06,3035.TW,219.0,219.0,210.0,210.5,3916600.0
2026-10-06,3037.TW,1335.0,1340.0,1285.0,1310.0,12584714.0
2026-10-06,3038.TW,20.399999618530273,20.549999237060547,20.25,20.350000381469727,219177.0
2026-10-06,3040.TW,33.5,33.70000076293945,32.95000076293945,33.70000076293945,375385.0
2026-10-06,3043.TW,20.899999618530273,20.950000762939453,20.600000381469727,20.850000381469727,106866.0
2026-10-06,3044.TW,568.0,589.0,564.0,579.0,3951167.0
2026-10-06,3045.TW,122.5,123.0,122.0,123.0,3584869.0
2026-10-06,3046.TW,53.79999923706055,53.79999923706055,53.400001525878906,53.5,92383.0
2026-10-06,3049.TW,12.25,12.449999809265137,12.100000381469727,12.149999618530273,2991218.0
2026-10-06,3050.TW,11.649999618530273,11.649999618530273,11.449999809265137,11.600000381469727,452800.0
2026-10-06,3051.TW,22.950000762939453,22.950000762939453,22.200000762939453,22.299999237060547,558168.0
2026-10-06,3054.TW,60.20000076293945,60.400001525878906,58.29999923706055,60.29999923706055,266298.0
2026-10-06,3055.TW,222.5,222.5,213.0,213.5,522513.0
2026-10-06,3056.TW,13.649999618530273,13.699999809265137,13.600000381469727,13.600000381469727,392003.0
2026-10-06,3057.TW,15.600000381469727,15.600000381469727,15.25,15.300000190734863,72615.0
2026-10-06,3058.TW,8.1899995803833,8.1899995803833,8.079999923706055,8.15999984741211,436969.0
2026-10-06,3059.TW,38.599998474121094,39.150001525878906,38.349998474121094,38.5,1591626.0
2026-10-06,3060.TW,29.0,29.950000762939453,28.899999618530273,28.899999618530273,1838768.0
2026-10-06,3062.TW,22.850000381469727,23.100000381469727,22.299999237060547,22.299999237060547,1318192.0
2026-10-06,3090.TW,174.0,174.5,169.0,173.0,2947249.0
2026-10-06,3094.TW,69.4000015258789,71.80000305175781,68.5,69.19999694824219,16562508.0
2026-10-06,3135.TW,159.5,161.0,157.5,157.5,693732.0
2026-10-06,3138.TW,105.5,109.0,102.0,102.5,1250466.0
2026-10-06,3149.TW,79.5,79.5,75.80000305175781,75.80000305175781,10044134.0
2026-10-06,3150.TW,15.399999618530273,15.449999809265137,15.050000190734863,15.199999809265137,67002.0
2026-10-06,3168.TW,42.400001525878906,42.400001525878906,41.95000076293945,42.400001525878906,12011.0
2026-10-06,3209.TW,47.04999923706055,47.95000076293945,46.79999923706055,47.0,3600325.0
2026-10-06,3229.TW,57.599998474121094,57.599998474121094,55.5,56.099998474121094,924759.0
2026-10-06,3231.TW,191.5,194.5,188.0,189.5,28766509.0
2026-10-06,3266.TW,13.899999618530273,14.149999618530273,13.850000381469727,14.100000381469727,56071.0
2026-10-06,3305.TW,111.5,111.5,109.0,109.0,937176.0
2026-10-06,3308.TW,22.5,22.5,21.700000762939453,21.899999618530273,55744.0
2026-10-06,3311.TW,50.20000076293945,51.20000076293945,46.79999923706055,48.650001525878906,3892730.0
2026-10-06,3312.TW,51.900001525878906,51.900001525878906,51.0,51.20000076293945,417147.0
2026-10-06,3338.TW,70.0999984741211,72.69999694824219,69.5,70.69999694824219,1176173.0
2026-10-06,3356.TW,67.5999984741211,68.0,67.19999694824219,67.5,368363.0
2026-10-06,3380.TW,31.600000381469727,31.75,31.0,31.049999237060547,1668139.0
2026-10-06,3406.TW,1085.0,1095.0,1020.0,1045.0,7999319.0
2026-10-06,3413.TW,295.0,297.0,293.0,293.0,706387.0
2026-10-06,3437.TW,21.950000762939453,22.0,21.200000762939453,21.350000381469727,1291839.0
2026-10-06,3443.TW,8680.0,8710.0,8110.0,8375.0,1945711.0
2026-10-06,3450.TW,553.0,557.0,530.0,531.0,5931368.0
2026-10-06,3494.TW,7.0,7.110000133514404,6.989999771118164,7.079999923706055,51635.0
2026-10-06,3501.TW,37.849998474121094,37.849998474121094,37.54999923706055,37.54999923706055,90711.0
2026-10-06,3504.TW,85.4000015258789,87.19999694824219,82.30000305175781,82.5,1808089.0
2026-10-06,3528.TW,87.5999984741211,87.5999984741211,86.0999984741211,86.9000015258789,97837.0
2026-10-06,3532.TW,475.0,484.0,460.5,467.0,5138886.0
2026-10-06,3533.TW,1905.0,1925.0,1860.0,1865.0,1273296.0
2026-10-06,3543.TW,54.20000076293945,57.79999923706055,52.599998474121094,53.20000076293945,7907867.0
2026-10-06,3557.TW,24.100000381469727,24.100000381469727,23.649999618530273,23.649999618530273,63406.0
2026-10-06,3563.TW,771.0,773.0,757.0,757.0,662922.0
2026-10-06,3576.TW,19.049999237060547,19.100000381469727,18.350000381469727,18.399999618530273,13109080.0
2026-10-06,3583.TW,758.0,777.0,741.0,762.0,1627622.0
2026-10-06,3588.TW,57.0,57.0,55.29999923706055,55.70000076293945,317800.0
2026-10-06,3591.TW,28.299999237060547,28.299999237060547,26.75,27.049999237060547,883259.0
2026-10-06,3592.TW,237.5,239.0,236.0,239.0,387085.0
2026-10-06,3605.TW,168.0,173.0,160.0,172.0,14379749.0
2026-10-06,3607.TW,13.800000190734863,13.800000190734863,13.699999809265137,13.75,71465.0
2026-10-06,3622.TW,46.25,46.650001525878906,45.900001525878906,46.650001525878906,171573.0
2026-10-06,3645.TW,77.0,77.0,75.0,75.0,2542948.0
2026-10-06,3665.TW,2460.0,2460.0,2260.0,2325.0,5614766.0
2026-10-06,3669.TW,32.70000076293945,32.75,32.349998474121094,32.349998474121094,92097.0
2026-10-06,3679.TW,108.0,108.0,107.5,108.0,10457.0
2026-10-06,3686.TW,15.699999809265137,15.699999809265137,15.399999618530273,15.649999618530273,87024.0
2026-10-06,3701.TW,60.79999923706055,65.4000015258789,58.400001525878906,59.29999923706055,20415015.0
2026-10-06,3702.TW,119.5,120.0,117.5,119.0,2725116.0
2026-10-06,3703.TW,19.399999618530273,19.5,19.299999237060547,19.299999237060547,736273.0
2026-10-06,3704.TW,40.20000076293945,40.349998474121094,39.54999923706055,39.54999923706055,1226391.0
2026-10-06,3706.TW,80.80000305175781,80.80000305175781,80.0999984741211,80.30000305175781,4124270.0
2026-10-06,3711.TW,743.0,755.0,733.0,744.0,9607672.0
2026-10-06,3714.TW,68.80000305175781,68.80000305175781,66.5999984741211,67.0,7267762.0
2026-10-06,3716.TW,33.75,33.79999923706055,33.599998474121094,33.650001525878906,176022.0
2026-10-06,3717.TW,28.399999618530273,30.399999618530273,28.200000762939453,28.450000762939453,35768823.0
2026-10-06,4104.TW,71.9000015258789,72.0,71.5,72.0,101660.0
2026-10-06,4106.TW,24.100000381469727,24.200000762939453,24.100000381469727,24.200000762939453,60553.0
2026-10-06,4108.TW,11.300000190734863,11.399999618530273,11.25,11.399999618530273,133079.0
2026-10-06,4133.TW,20.450000762939453,20.549999237060547,20.299999237060547,20.399999618530273,52234.0
2026-10-06,4137.TW,76.19999694824219,76.30000305175781,75.5,75.5,81776.0
2026-10-06,4142.TW,18.049999237060547,18.299999237060547,17.950000762939453,18.149999618530273,1283534.0
2026-10-06,4155.TW,14.75,14.850000381469727,14.199999809265137,14.199999809265137,516330.0
2026-10-06,4164.TW,27.0,28.799999237060547,26.950000762939453,28.350000381469727,1176652.0
2026-10-06,4178.TW,17.899999618530273,17.899999618530273,17.299999237060547,17.600000381469727,160703.0
2026-10-06,4190.TW,24.299999237060547,25.0,24.299999237060547,25.0,19040.0
2026-10-06,4306.TW,14.350000381469727,14.449999809265137,14.300000190734863,14.399999618530273,823713.0
2026-10-06,4414.TW,8.100000381469727,8.109999656677246,8.010000228881836,8.020000457763672,290193.0
2026-10-06,4426.TW,7.519999980926514,7.570000171661377,7.510000228881836,7.53000020980835,45164.0
2026-10-06,4438.TW,56.29999923706055,56.29999923706055,55.79999923706055,55.79999923706055,45133.0
2026-10-06,4440.TW,17.5,17.549999237060547,17.049999237060547,17.049999237060547,121322.0
2026-10-06,4441.TW,169.5,171.5,169.0,169.5,70802.0
2026-10-06,4526.TW,33.54999923706055,34.70000076293945,33.099998474121094,33.75,3356638.0
2026-10-06,4532.TW,24.549999237060547,24.649999618530273,24.350000381469727,24.350000381469727,512883.0
2026-10-06,4536.TW,160.0,160.0,158.0,158.5,169681.0
2026-10-06,4545.TW,40.04999923706055,40.04999923706055,38.349998474121094,38.349998474121094,240032.0
2026-10-06,4551.TW,188.0,190.0,180.5,181.5,2656966.0
2026-10-06,4552.TW,15.399999618530273,15.550000190734863,15.399999618530273,15.5,48510.0
2026-10-06,4557.TW,50.400001525878906,50.400001525878906,50.099998474121094,50.20000076293945,43255.0
2026-10-06,4560.TW,29.850000381469727,30.100000381469727,29.600000381469727,30.049999237060547,236000.0
2026-10-06,4562.TW,30.049999237060547,30.350000381469727,29.799999237060547,29.950000762939453,140848.0
2026-10-06,4564.TW,15.949999809265137,16.0,15.600000381469727,15.699999809265137,572346.0
2026-10-06,4569.TW,157.0,157.0,154.5,155.5,33872.0
2026-10-06,4571.TW,153.5,154.5,153.0,153.5,82261.0
2026-10-06,4572.TW,138.5,139.5,138.0,139.5,17060.0
2026-10-06,4576.TW,240.0,240.0,231.0,232.0,939073.0
2026-10-06,4581.TW,48.0,48.0,47.54999923706055,48.0,8000.0
2026-10-06,4582.TW,22.299999237060547,22.299999237060547,21.799999237060547,22.0,113576.0
2026-10-06,4583.TW,418.0,420.5,415.0,416.0,59662.0
2026-10-06,4585.TW,291.0,291.5,290.0,290.0,110359.0
2026-10-06,4590.TW,88.4000015258789,88.5,87.80000305175781,88.19999694824219,169445.0
2026-10-06,4720.TW,25.0,25.299999237060547,24.799999237060547,25.299999237060547,4917059.0
2026-10-06,4722.TW,223.0,227.0,216.5,220.0,1660155.0
2026-10-06,4736.TW,128.5,130.0,128.5,129.0,94695.0
2026-10-06,4737.TW,56.70000076293945,56.70000076293945,55.20000076293945,55.29999923706055,24014.0
2026-10-06,4739.TW,88.19999694824219,88.19999694824219,85.4000015258789,85.5,1102663.0
2026-10-06,4746.TW,47.54999923706055,48.849998474121094,47.54999923706055,48.29999923706055,894295.0
2026-10-06,4764.TW,198.0,207.0,193.0,199.0,1621770.0
2026-10-06,4766.TW,348.5,353.5,346.5,353.5,184451.0
2026-10-06,4770.TW,273.0,273.5,265.0,266.0,708133.0
2026-10-06,4807.TW,31.799999237060547,32.599998474121094,30.399999618530273,30.799999237060547,407882.0
2026-10-06,4904.TW,105.5,105.5,104.5,104.5,2750911.0
2026-10-06,4906.TW,42.29999923706055,44.20000076293945,41.25,43.0,18593887.0
2026-10-06,4916.TW,108.5,109.5,105.0,105.5,5520381.0
2026-10-06,4919.TW,156.0,157.0,149.5,150.5,11343777.0
2026-10-06,4927.TW,52.70000076293945,54.599998474121094,50.29999923706055,52.29999923706055,28555069.0
2026-10-06,4930.TW,15.800000190734863,15.899999618530273,15.600000381469727,15.800000190734863,68391.0
2026-10-06,4935.TW,33.349998474121094,33.79999923706055,32.849998474121094,32.900001525878906,120943.0
2026-10-06,4938.TW,89.5,90.30000305175781,89.0999984741211,90.0,5826802.0
2026-10-06,4942.TW,31.350000381469727,31.5,31.149999618530273,31.5,61119.0
2026-10-06,4958.TW,588.0,604.0,572.0,574.0,40535218.0
2026-10-06,4960.TW,23.700000762939453,24.350000381469727,23.700000762939453,24.100000381469727,2507681.0
2026-10-06,4961.TW,187.0,190.0,185.5,185.5,1202533.0
2026-10-06,4968.TW,99.0999984741211,99.0999984741211,97.0,97.80000305175781,441989.0
2026-10-06,4977.TW,176.0,178.0,173.5,173.5,1845074.0
2026-10-06,4999.TW,17.799999237060547,17.899999618530273,17.700000762939453,17.899999618530273,34344.0
2026-10-06,5007.TW,55.79999923706055,56.29999923706055,55.5,56.29999923706055,41342.0
2026-10-06,5215.TW,37.5,38.099998474121094,37.5,38.099998474121094,21030.0
2026-10-06,5222.TW,103.0,104.0,102.5,102.5,464316.0
2026-10-06,5225.TW,54.29999923706055,54.29999923706055,52.79999923706055,52.79999923706055,301257.0
2026-10-06,5243.TW,97.0,98.30000305175781,94.5,97.80000305175781,2712650.0
2026-10-06,5244.TW,38.20000076293945,39.20000076293945,37.5,37.650001525878906,443593.0
2026-10-06,5283.TW,52.099998474121094,52.099998474121094,51.5,51.79999923706055,128951.0
2026-10-06,5284.TW,301.0,302.5,290.0,290.5,464737.0
2026-10-06,5285.TW,100.5,100.5,95.0999984741211,97.19999694824219,2702704.0
2026-10-06,5292.TW,248.5,252.5,245.0,249.0,260655.0
2026-10-06,5388.TW,71.80000305175781,72.69999694824219,71.80000305175781,72.30000305175781,1269802.0
2026-10-06,5434.TW,620.0,633.0,613.0,619.0,1133973.0
2026-10-06,5469.TW,78.5,80.9000015258789,78.0,80.5,3920768.0
2026-10-06,5471.TW,52.70000076293945,52.70000076293945,51.400001525878906,51.900001525878906,750485.0
2026-10-06,5484.TW,38.650001525878906,38.70000076293945,38.45000076293945,38.5,170325.0
2026-10-06,5515.TW,51.79999923706055,53.099998474121094,51.0,51.900001525878906,592144.0
2026-10-06,5519.TW,24.850000381469727,24.850000381469727,24.700000762939453,24.75,285556.0
2026-10-06,5521.TW,10.800000190734863,11.350000381469727,10.75,10.949999809265137,6706803.0
2026-10-06,5522.TW,60.099998474121094,60.400001525878906,59.79999923706055,60.0,590950.0
2026-10-06,5525.TW,21.850000381469727,22.0,21.700000762939453,21.950000762939453,73582.0
2026-10-06,5531.TW,6.690000057220459,6.849999904632568,6.690000057220459,6.760000228881836,938765.0
2026-10-06,5534.TW,71.80000305175781,71.80000305175781,70.5999984741211,71.0999984741211,1294057.0
2026-10-06,5538.TW,37.20000076293945,37.20000076293945,36.20000076293945,36.25,101590.0
2026-10-06,5546.TW,13.850000381469727,14.050000190734863,13.5,14.050000190734863,13035.0
2026-10-06,5607.TW,51.79999923706055,52.70000076293945,51.79999923706055,52.29999923706055,288750.0
2026-10-06,5608.TW,16.799999237060547,17.200000762939453,16.700000762939453,16.700000762939453,2089903.0
2026-10-06,5706.TW,44.150001525878906,44.70000076293945,44.099998474121094,44.25,125840.0
2026-10-06,5871.TW,105.5,106.5,105.0,105.0,6268400.0
2026-10-06,5876.TW,48.54999923706055,48.849998474121094,48.29999923706055,48.79999923706055,3115844.0
2026-10-06,5880.TW,25.899999618530273,26.049999237060547,25.799999237060547,25.950000762939453,12058342.0
2026-10-06,5907.TW,4.75,4.880000114440918,4.650000095367432,4.650000095367432,598794.0
2026-10-06,6005.TW,33.150001525878906,33.25,32.400001525878906,32.75,7063425.0
2026-10-06,6024.TW,59.70000076293945,59.79999923706055,59.5,59.5,179612.0
2026-10-06,6112.TW,45.20000076293945,46.099998474121094,44.5,44.650001525878906,1466813.0
2026-10-06,6115.TW,44.5,44.5,43.75,43.75,125570.0
2026-10-06,6116.TW,15.949999809265137,16.049999237060547,15.449999809265137,15.449999809265137,40253417.0
2026-10-06,6117.TW,62.79999923706055,68.69999694824219,62.400001525878906,68.69999694824219,1680429.0
2026-10-06,6120.TW,14.399999618530273,14.449999809265137,14.0,14.149999618530273,7175860.0
2026-10-06,6128.TW,19.25,19.350000381469727,19.0,19.350000381469727,22803.0
2026-10-06,6133.TW,29.399999618530273,29.549999237060547,28.0,28.0,4064273.0
2026-10-06,6136.TW,25.100000381469727,25.200000762939453,25.0,25.049999237060547,282751.0
2026-10-06,6139.TW,797.0,805.0,784.0,795.0,3029172.0
2026-10-06,6141.TW,52.0,52.099998474121094,50.79999923706055,51.20000076293945,1053475.0
2026-10-06,6142.TW,9.020000457763672,9.119999885559082,8.979999542236328,9.09000015258789,455961.0
2026-10-06,6152.TW,18.950000762939453,18.950000762939453,18.899999618530273,18.950000762939453,6158502.0
2026-10-06,6153.TW,18.149999618530273,18.350000381469727,17.950000762939453,18.0,3228184.0
2026-10-06,6155.TW,70.0,70.19999694824219,66.69999694824219,67.5,2896738.0
2026-10-06,6164.TW,14.25,14.25,13.100000381469727,13.300000190734863,3703789.0
2026-10-06,6165.TW,48.54999923706055,48.650001525878906,47.70000076293945,47.70000076293945,627212.0
2026-10-06,6176.TW,92.5,92.5,91.4000015258789,91.5,743364.0
2026-10-06,6177.TW,45.150001525878906,45.54999923706055,45.04999923706055,45.150001525878906,844553.0
2026-10-06,6183.TW,91.0,91.69999694824219,90.9000015258789,91.69999694824219,30383.0
2026-10-06,6184.TW,40.0,40.0,39.849998474121094,39.900001525878906,52414.0
2026-10-06,6189.TW,49.5,50.0,49.20000076293945,49.650001525878906,309888.0
2026-10-06,6192.TW,110.5,111.0,110.5,110.5,54913.0
2026-10-06,6197.TW,351.0,371.0,351.0,365.0,7453027.0
2026-10-06,6202.TW,61.099998474121094,61.400001525878906,59.5,60.599998474121094,1587742.0
2026-10-06,6206.TW,137.5,138.0,135.5,135.5,544591.0
2026-10-06,6213.TW,797.0,818.0,762.0,787.0,32303991.0
2026-10-06,6214.TW,188.0,189.5,188.0,188.5,408131.0
2026-10-06,6215.TW,98.4000015258789,99.19999694824219,97.0,98.0999984741211,327692.0
2026-10-06,6216.TW,19.899999618530273,19.899999618530273,19.700000762939453,19.799999237060547,61188.0
2026-10-06,6225.TW,68.80000305175781,70.5999984741211,66.5999984741211,70.30000305175781,217149.0
2026-10-06,6226.TW,43.650001525878906,45.650001525878906,41.0,42.20000076293945,25165073.0
2026-10-06,6230.TW,113.0,114.5,112.0,114.0,74683.0
2026-10-06,6239.TW,302.5,312.0,299.5,310.5,27305757.0
2026-10-06,6243.TW,40.599998474121094,40.599998474121094,39.0,39.0,294170.0
2026-10-06,6269.TW,65.5999984741211,66.19999694824219,64.69999694824219,64.80000305175781,2261727.0
2026-10-06,6272.TW,25.25,25.5,25.0,25.149999618530273,129062.0
2026-10-06,6282.TW,44.54999923706055,44.54999923706055,43.79999923706055,43.79999923706055,4836514.0
2026-10-06,6285.TW,256.0,270.0,254.5,256.0,18928449.0
2026-10-06,6405.TW,41.900001525878906,42.150001525878906,40.099998474121094,40.599998474121094,850239.0
2026-10-06,6409.TW,900.0,910.0,883.0,890.0,250603.0
2026-10-06,6415.TW,440.0,454.5,432.5,449.5,2345495.0
2026-10-06,6416.TW,119.5,123.0,119.0,122.0,747074.0
2026-10-06,6426.TW,362.0,375.0,350.0,351.0,2820216.0
2026-10-06,6442.TW,1705.0,1710.0,1640.0,1650.0,1498170.0
2026-10-06,6443.TW,28.700000762939453,28.799999237060547,27.799999237060547,28.0,6353853.0
2026-10-06,6446.TW,1200.0,1225.0,1170.0,1175.0,1597698.0
2026-10-06,6456.TW,97.5999984741211,99.5999984741211,96.19999694824219,99.5999984741211,15965707.0
2026-10-06,6472.TW,422.5,424.0,415.5,416.5,372441.0
2026-10-06,6491.TW,404.0,404.0,393.5,396.5,390813.0
2026-10-06,6515.TW,6220.0,6285.0,6060.0,6130.0,460171.0
2026-10-06,6525.TW,146.5,147.0,138.5,142.0,1945900.0
2026-10-06,6526.TW,844.0,857.0,836.0,842.0,600505.0
2026-10-06,6531.TW,1080.0,1085.0,1020.0,1045.0,4527896.0
2026-10-06,6534.TW,93.5,94.9000015258789,93.19999694824219,94.80000305175781,136246.0
2026-10-06,6541.TW,31.149999618530273,34.04999923706055,30.950000762939453,33.349998474121094,1054499.0
2026-10-06,6550.TW,16.200000762939453,16.450000762939453,16.049999237060547,16.049999237060547,450503.0
2026-10-06,6558.TW,25.399999618530273,25.450000762939453,25.149999618530273,25.200000762939453,143170.0
2026-10-06,6573.TW,16.549999237060547,16.549999237060547,15.800000190734863,15.899999618530273,343991.0
2026-10-06,6579.TW,159.5,159.5,156.5,157.0,273416.0
2026-10-06,6581.TW,107.5,110.0,107.5,110.0,13125.0
2026-10-06,6582.TW,31.0,31.649999618530273,30.950000762939453,31.450000762939453,32803.0
2026-10-06,6585.TW,104.5,105.0,103.5,105.0,112847.0
2026-10-06,6589.TW,50.900001525878906,51.5,50.599998474121094,50.900001525878906,393518.0
2026-10-06,6591.TW,43.599998474121094,43.599998474121094,41.70000076293945,42.099998474121094,148232.0
2026-10-06,6592.TW,55.099998474121094,55.79999923706055,55.099998474121094,55.70000076293945,485363.0
2026-10-06,6598.TW,26.649999618530273,27.149999618530273,26.350000381469727,26.600000381469727,212638.0
2026-10-06,6605.TW,135.5,136.0,135.0,135.0,127936.0
2026-10-06,6606.TW,24.600000381469727,24.899999618530273,23.700000762939453,23.700000762939453,312056.0
2026-10-06,6614.TW,35.20000076293945,36.0,35.150001525878906,35.900001525878906,48000.0
2026-10-06,6625.TW,73.4000015258789,73.5999984741211,73.0999984741211,73.5,66671.0
2026-10-06,6655.TW,125.5,133.0,125.5,133.0,73016.0
2026-10-06,6657.TW,33.20000076293945,35.5,33.20000076293945,34.20000076293945,416762.0
2026-10-06,6658.TW,208.0,212.5,195.0,203.0,2515038.0
2026-10-06,6668.TW,48.349998474121094,52.29999923706055,48.25,51.5,8333939.0
2026-10-06,6669.TW,2200.0,2335.0,2185.0,2290.0,5262391.0
2026-10-06,6670.TW,271.5,275.0,268.5,270.0,228613.0
2026-10-06,6671.TW,23.399999618530273,23.399999618530273,22.75,23.049999237060547,20000.0
2026-10-06,6672.TW,456.0,459.5,435.0,459.5,2946856.0
2026-10-06,6689.TW,63.099998474121094,65.0,62.70000076293945,62.70000076293945,385337.0
2026-10-06,6691.TW,794.0,794.0,769.0,787.0,1054284.0
2026-10-06,6695.TW,52.79999923706055,53.29999923706055,51.900001525878906,52.20000076293945,364624.0
2026-10-06,6698.TW,31.399999618530273,31.5,31.200000762939453,31.200000762939453,132569.0
2026-10-06,6706.TW,151.5,155.5,148.0,148.0,2365579.0
2026-10-06,6715.TW,485.5,492.5,450.0,482.5,2248091.0
2026-10-06,6719.TW,192.5,192.5,187.0,189.0,396960.0
2026-10-06,6722.TW,33.25,33.25,32.70000076293945,33.04999923706055,40334.0
2026-10-06,6742.TW,61.599998474121094,62.79999923706055,58.400001525878906,58.79999923706055,2258635.0
2026-10-06,6753.TW,132.0,132.0,131.0,131.0,219781.0
2026-10-06,6754.TW,40.099998474121094,41.75,40.04999923706055,41.75,11300.0
2026-10-06,6757.TW,53.099998474121094,53.20000076293945,52.70000076293945,52.70000076293945,431153.0
2026-10-06,6771.TW,41.79999923706055,42.5,41.79999923706055,42.5,11000.0
2026-10-06,6776.TW,52.099998474121094,52.5,52.099998474121094,52.20000076293945,52550.0
2026-10-06,6782.TW,231.5,231.5,229.0,231.5,83833.0
2026-10-06,6790.TW,37.29999923706055,37.400001525878906,37.20000076293945,37.349998474121094,88934.0
2026-10-06,6792.TW,58.5,59.79999923706055,58.5,59.79999923706055,30002.0
2026-10-06,6794.TW,75.0,75.80000305175781,73.0999984741211,73.5999984741211,80100.0
2026-10-06,6799.TW,92.0999984741211,93.30000305175781,90.0,91.69999694824219,303936.0
2026-10-06,6805.TW,2445.0,2505.0,2380.0,2415.0,2049992.0
2026-10-06,6807.TW,31.549999237060547,32.75,31.549999237060547,32.75,7000.0
2026-10-06,6830.TW,554.0,558.0,525.0,527.0,1615444.0
2026-10-06,6831.TW,497.0,503.0,485.0,497.5,755178.0
2026-10-06,6834.TW,126.5,127.0,121.5,123.0,3545734.0
2026-10-06,6838.TW,25.0,25.149999618530273,24.799999237060547,25.149999618530273,98493.0
2026-10-06,6861.TW,295.5,295.5,270.5,270.5,1898300.0
2026-10-06,6863.TW,96.30000305175781,96.80000305175781,96.0,96.4000015258789,29342.0
2026-10-06,6885.TW,29.799999237060547,30.200000762939453,29.200000762939453,29.25,745017.0
2026-10-06,6890.TW,147.0,147.5,145.0,147.5,145940.0
2026-10-06,6901.TW,17.899999618530273,18.299999237060547,17.399999618530273,17.399999618530273,3311699.0
2026-10-06,6902.TW,147.0,147.5,142.5,143.0,337785.0
2026-10-06,6914.TW,119.0,120.0,118.0,119.5,67853.0
2026-10-06,6916.TW,19.399999618530273,19.399999618530273,18.899999618530273,19.25,48045.0
2026-10-06,6918.TW,73.5,74.0,73.5,74.0,26155.0
2026-10-06,6919.TW,79.0999984741211,79.19999694824219,78.0999984741211,78.5,2552921.0
2026-10-06,6921.TW,65.5999984741211,65.69999694824219,65.5999984741211,65.69999694824219,14189.0
2026-10-06,6924.TW,130.5,138.0,129.0,136.5,88560.0
2026-10-06,6928.TW,45.70000076293945,45.70000076293945,43.75,43.75,139135.0
2026-10-06,6931.TW,37.54999923706055,38.099998474121094,37.54999923706055,37.95000076293945,78233.0
2026-10-06,6933.TW,385.5,386.5,371.0,374.5,1039714.0
2026-10-06,6934.TW,74.19999694824219,74.4000015258789,73.5999984741211,73.5999984741211,55159.0
2026-10-06,6949.TW,47.95000076293945,48.900001525878906,46.650001525878906,46.75,1883065.0
2026-10-06,6955.TW,93.5,94.0,93.5,94.0,8000.0
2026-10-06,6957.TW,417.5,417.5,391.0,404.0,858422.0
2026-10-06,6962.TW,34.25,34.29999923706055,33.20000076293945,33.20000076293945,1840218.0
2026-10-06,6965.TW,59.70000076293945,60.70000076293945,59.29999923706055,60.599998474121094,90600.0
2026-10-06,6969.TW,31.299999237060547,31.899999618530273,30.549999237060547,30.549999237060547,147700.0
2026-10-06,6988.TW,11.800000190734863,12.850000381469727,11.800000190734863,12.800000190734863,209703.0
2026-10-06,7610.TW,1835.0,1865.0,1780.0,1790.0,548918.0
2026-10-06,7631.TW,141.5,141.5,139.0,141.5,121378.0
2026-10-06,7689.TW,163.0,163.0,158.0,159.0,89756.0
2026-10-06,7705.TW,29.600000381469727,29.75,29.399999618530273,29.75,64703.0
2026-10-06,7721.TW,63.099998474121094,63.099998474121094,62.099998474121094,62.20000076293945,59050.0
2026-10-06,7722.TW,263.5,263.5,259.0,261.0,40241.0
2026-10-06,7730.TW,191.5,193.0,189.0,191.0,67019.0
2026-10-06,7736.TW,72.0,72.19999694824219,70.19999694824219,71.5,144160.0
2026-10-06,7740.TW,103.0,103.5,100.5,100.5,193044.0
2026-10-06,7750.TW,2070.0,2100.0,1970.0,1980.0,263085.0
2026-10-06,7765.TW,230.5,232.5,230.0,230.5,100797.0
2026-10-06,7768.TW,303.5,303.5,300.0,302.5,72451.0
2026-10-06,7780.TW,15.800000190734863,15.899999618530273,15.649999618530273,15.850000381469727,1165737.0
2026-10-06,7786.TW,120.0,120.0,117.5,117.5,83070.0
2026-10-06,7788.TW,339.5,365.5,335.0,365.5,3959703.0
2026-10-06,7791.TW,54.099998474121094,54.099998474121094,53.0,53.79999923706055,75869.0
2026-10-06,7803.TW,17.649999618530273,17.649999618530273,17.100000381469727,17.649999618530273,85714.0
2026-10-06,7821.TW,35.04999923706055,35.099998474121094,34.75,35.099998474121094,97682.0
2026-10-06,7822.TW,1005.0,1025.0,976.0,976.0,342900.0
2026-10-06,7823.TW,79.9000015258789,79.9000015258789,78.5999984741211,79.69999694824219,34029.0
2026-10-06,7827.TW,167.0,169.5,165.0,166.5,332757.0
2026-10-06,8011.TW,16.149999618530273,17.299999237060547,16.149999618530273,17.0,2314177.0
2026-10-06,8016.TW,296.0,297.5,291.5,296.0,559395.0
2026-10-06,8033.TW,175.0,177.0,172.5,173.5,1607140.0
2026-10-06,8039.TW,303.5,305.5,291.5,295.5,21553393.0
2026-10-06,8045.TW,55.20000076293945,55.400001525878906,53.5,53.5,109910.0
2026-10-06,8070.TW,52.29999923706055,52.599998474121094,50.79999923706055,51.0,1793698.0
2026-10-06,8081.TW,261.0,263.5,257.0,262.5,619125.0
2026-10-06,8101.TW,10.350000381469727,10.699999809265137,10.149999618530273,10.600000381469727,41011.0
2026-10-06,8103.TW,124.0,124.5,118.5,119.5,2696392.0
2026-10-06,8110.TW,50.0,50.0,48.5,48.79999923706055,4229711.0
2026-10-06,8114.TW,180.5,181.0,177.5,179.0,166076.0
2026-10-06,8162.TW,67.30000305175781,67.30000305175781,64.5999984741211,65.0999984741211,421131.0
2026-10-06,8163.TW,30.700000762939453,30.799999237060547,30.299999237060547,30.399999618530273,492977.0
2026-10-06,8201.TW,17.799999237060547,17.799999237060547,16.700000762939453,17.5,676155.0
2026-10-06,8210.TW,888.0,894.0,876.0,885.0,2517705.0
2026-10-06,8213.TW,33.95000076293945,34.349998474121094,33.849998474121094,34.29999923706055,489241.0
2026-10-06,8215.TW,28.799999237060547,29.049999237060547,28.100000381469727,28.25,1240895.0
2026-10-06,8222.TW,35.400001525878906,35.400001525878906,35.099998474121094,35.25,82208.0
2026-10-06,8249.TW,40.20000076293945,40.349998474121094,39.0,39.400001525878906,222513.0
2026-10-06,8261.TW,204.5,204.5,191.0,199.5,14952170.0
2026-10-06,8271.TW,203.0,203.0,200.0,201.0,700701.0
2026-10-06,8341.TW,73.9000015258789,73.9000015258789,73.5999984741211,73.69999694824219,149303.0
2026-10-06,8374.TW,77.0,77.0,75.5,76.0,149393.0
2026-10-06,8404.TW,13.0,13.399999618530273,12.949999809265137,13.300000190734863,366907.0
2026-10-06,8411.TW,11.75,11.800000190734863,11.5,11.699999809265137,281970.0
2026-10-06,8438.TW,81.0,81.5,79.5999984741211,80.9000015258789,305557.0
2026-10-06,8442.TW,45.5,45.95000076293945,45.45000076293945,45.45000076293945,17219.0
2026-10-06,8454.TW,234.5,241.0,234.5,240.0,261224.0
2026-10-06,8462.TW,156.5,158.0,156.5,157.0,41335.0
2026-10-06,8463.TW,21.0,21.25,21.0,21.25,25000.0
2026-10-06,8466.TW,14.800000190734863,15.449999809265137,14.800000190734863,15.399999618530273,17300.0
2026-10-06,8467.TW,88.0999984741211,91.0999984741211,87.80000305175781,89.19999694824219,19309.0
2026-10-06,8481.TW,40.650001525878906,40.849998474121094,40.54999923706055,40.599998474121094,16000.0
2026-10-06,8482.TW,47.349998474121094,49.25,47.349998474121094,49.25,7005.0
2026-10-06,8487.TW,70.0,70.0,69.9000015258789,70.0,14320.0
2026-10-06,8488.TW,9.800000190734863,9.800000190734863,9.600000381469727,9.600000381469727,44570.0
2026-10-06,8499.TW,253.0,255.0,253.0,255.0,10681.0
2026-10-06,8926.TW,59.099998474121094,59.5,58.900001525878906,58.900001525878906,1300459.0
2026-10-06,8996.TW,1600.0,1600.0,1540.0,1600.0,693963.0
2026-10-06,9103.TW,4.980000019073486,5.210000038146973,4.96999979019165,5.079999923706055,3851045.0
2026-10-06,9105.TW,8.399999618530273,8.569999694824219,8.369999885559082,8.5,21934097.0
2026-10-06,9110.TW,2.9800000190734863,3.240000009536743,2.940000057220459,3.240000009536743,201005.0
2026-10-06,9136.TW,9.329999923706055,9.350000381469727,9.300000190734863,9.350000381469727,150437.0
2026-10-06,9802.TW,64.19999694824219,64.69999694824219,64.19999694824219,64.5,148918.0
2026-10-06,9904.TW,24.350000381469727,24.649999618530273,24.299999237060547,24.600000381469727,5451485.0
2026-10-06,9905.TW,21.299999237060547,21.299999237060547,21.200000762939453,21.299999237060547,87885.0
2026-10-06,9906.TW,39.849998474121094,41.29999923706055,38.900001525878906,40.79999923706055,153694.0
2026-10-06,9908.TW,28.950000762939453,29.149999618530273,28.850000381469727,29.100000381469727,341898.0
2026-10-06,9910.TW,66.4000015258789,66.80000305175781,66.19999694824219,66.30000305175781,880472.0
2026-10-06,9911.TW,81.30000305175781,81.5,81.19999694824219,81.19999694824219,177832.0
2026-10-06,9912.TW,13.149999618530273,13.149999618530273,12.949999809265137,12.949999809265137,35459.0
2026-10-06,9914.TW,66.4000015258789,66.5999984741211,65.9000015258789,65.9000015258789,1254033.0
2026-10-06,9918.TW,43.25,43.400001525878906,42.79999923706055,43.400001525878906,35270.0
2026-10-06,9919.TW,14.0,14.300000190734863,14.0,14.050000190734863,866499.0
2026-10-06,9921.TW,89.19999694824219,89.9000015258789,88.4000015258789,88.5999984741211,1247621.0
2026-10-06,9925.TW,39.400001525878906,39.5,39.349998474121094,39.45000076293945,130657.0
2026-10-06,9927.TW,62.099998474121094,62.400001525878906,62.0,62.29999923706055,79903.0
2026-10-06,9928.TW,18.25,18.299999237060547,17.950000762939453,18.049999237060547,37057.0
2026-10-06,9929.TW,11.050000190734863,11.449999809265137,11.050000190734863,11.449999809265137,138152.0
2026-10-06,9930.TW,59.400001525878906,59.400001525878906,58.79999923706055,58.900001525878906,206949.0
2026-10-06,9931.TW,33.849998474121094,34.20000076293945,33.79999923706055,34.20000076293945,20862.0
2026-10-06,9933.TW,46.400001525878906,46.400001525878906,44.54999923706055,45.25,7639285.0
2026-10-06,9934.TW,9.710000038146973,9.720000267028809,9.630000114440918,9.680000305175781,494274.0
2026-10-06,9938.TW,38.0,39.349998474121094,37.900001525878906,39.099998474121094,1421068.0
2026-10-06,9939.TW,125.5,127.0,125.0,126.5,505203.0
2026-10-06,9941.TW,75.9000015258789,75.9000015258789,75.0,75.4000015258789,1010829.0
2026-10-06,9942.TW,113.0,114.0,112.0,113.5,167261.0
2026-10-06,9944.TW,17.200000762939453,17.200000762939453,17.0,17.149999618530273,37498.0
2026-10-06,9945.TW,28.649999618530273,29.100000381469727,28.5,28.799999237060547,2631159.0
2026-10-06,9955.TW,22.899999618530273,24.5,22.899999618530273,24.149999618530273,565986.0
2026-10-06,9958.TW,90.0,90.0,89.19999694824219,89.30000305175781,699574.0
2026-10-06,1240.TWO,53.70000076293945,54.29999923706055,53.099998474121094,53.900001525878906,32703.0
2026-10-06,1259.TWO,66.0,66.0,66.0,66.0,10023.0
2026-10-06,1264.TWO,247.0,255.0,247.0,249.0,19708.0
2026-10-06,1268.TWO,175.5,175.5,174.5,175.0,11317.0
2026-10-06,1295.TWO,48.5,48.79999923706055,48.400001525878906,48.400001525878906,24527.0
2026-10-06,1570.TWO,32.29999923706055,32.70000076293945,32.20000076293945,32.70000076293945,10117.0
2026-10-06,1580.TWO,95.69999694824219,95.80000305175781,95.5,95.69999694824219,65416.0
2026-10-06,1584.TWO,18.149999618530273,18.25,18.0,18.149999618530273,301811.0
2026-10-06,1586.TWO,17.899999618530273,17.899999618530273,17.600000381469727,17.799999237060547,264187.0
2026-10-06,1591.TWO,42.900001525878906,42.900001525878906,41.04999923706055,41.349998474121094,192108.0
2026-10-06,1593.TWO,31.299999237060547,31.649999618530273,31.200000762939453,31.649999618530273,13182.0
2026-10-06,1595.TWO,73.5,75.30000305175781,71.5999984741211,71.80000305175781,1130275.0
2026-10-06,1599.TWO,22.549999237060547,23.0,22.549999237060547,22.950000762939453,18423.0
2026-10-06,1780.TWO,24.899999618530273,25.100000381469727,24.75,24.799999237060547,68668.0
2026-10-06,1781.TWO,9.970000267028809,9.989999771118164,9.970000267028809,9.979999542236328,16052.0
2026-10-06,1784.TWO,60.0,60.0,59.5,59.5,33755.0
2026-10-06,1788.TWO,127.5,128.0,127.0,128.0,32562.0
2026-10-06,1796.TWO,29.799999237060547,29.799999237060547,29.5,29.600000381469727,6005.0
2026-10-06,1813.TWO,11.199999809265137,11.199999809265137,11.199999809265137,11.199999809265137,1880.0
2026-10-06,1815.TWO,129.0,133.5,126.5,127.0,74770126.0
2026-10-05,2035.TWO,26.700000762939453,26.700000762939453,26.700000762939453,26.700000762939453,0.0
2026-10-06,2061.TWO,65.0,67.5,64.5,65.5,2711010.0
2026-10-06,2064.TWO,11.899999618530273,12.0,11.800000190734863,12.0,6000.0
2026-10-06,2065.TWO,35.599998474121094,35.75,35.400001525878906,35.54999923706055,49924.0
2026-10-06,2067.TWO,4.889999866485596,4.889999866485596,4.670000076293945,4.800000190734863,48203.0
2026-10-05,2073.TWO,25.600000381469727,25.600000381469727,25.600000381469727,25.600000381469727,2000.0
2026-10-06,2221.TWO,186.5,188.0,180.0,186.0,636339.0
2026-10-06,2230.TWO,21.799999237060547,21.899999618530273,20.899999618530273,21.649999618530273,136909.0
2026-10-06,2596.TWO,34.79999923706055,34.79999923706055,33.650001525878906,34.0,89348.0
2026-10-06,2641.TWO,17.25,17.5,17.149999618530273,17.200000762939453,1105590.0
2026-10-06,2643.TWO,62.599998474121094,62.70000076293945,62.0,62.0,9492.0
2026-10-06,2718.TWO,39.599998474121094,39.599998474121094,39.349998474121094,39.349998474121094,27668.0
2026-10-06,2719.TWO,19.5,19.5,19.200000762939453,19.450000762939453,7173.0
2026-10-05,2724.TWO,12.449999809265137,12.449999809265137,12.449999809265137,12.449999809265137,1000.0
2026-10-06,2726.TWO,8.069999694824219,8.069999694824219,8.0,8.0,2000.0
2026-10-06,2732.TWO,63.099998474121094,63.5,63.0,63.20000076293945,23682.0
2026-10-06,2743.TWO,51.0,51.0,50.0,50.29999923706055,135638.0
2026-10-06,2751.TWO,53.0,53.79999923706055,53.0,53.5,13170.0
2026-10-06,2754.TWO,68.0,68.0,67.0,67.5,26231.0
2026-10-06,2755.TWO,99.0,99.0,97.80000305175781,98.0,70067.0
2026-10-06,2756.TWO,62.599998474121094,62.599998474121094,60.5,61.400001525878906,19217.0
2026-10-06,2926.TWO,29.75,30.350000381469727,29.75,30.350000381469727,3094.0
2026-10-06,2937.TWO,44.5,44.900001525878906,44.0,44.900001525878906,4100.0
2026-10-05,2941.TWO,30.75,30.75,30.75,30.75,1000.0
2026-10-06,2947.TWO,61.5,62.599998474121094,61.29999923706055,62.599998474121094,23550.0
2026-10-05,2949.TWO,62.5,62.5,62.5,62.5,1333.0
2026-10-06,3064.TWO,13.600000381469727,13.949999809265137,13.600000381469727,13.949999809265137,4573.0
2026-10-06,3066.TWO,28.200000762939453,28.200000762939453,26.799999237060547,27.350000381469727,879549.0
2026-10-05,3067.TWO,16.899999618530273,16.899999618530273,16.899999618530273,16.899999618530273,0.0
2026-10-06,3071.TWO,22.700000762939453,22.899999618530273,22.649999618530273,22.75,142978.0
2026-10-06,3078.TWO,46.150001525878906,46.29999923706055,45.849998474121094,46.04999923706055,221728.0
2026-10-06,3083.TWO,23.450000762939453,23.450000762939453,22.899999618530273,23.149999618530273,54265.0
2026-10-06,3095.TWO,33.04999923706055,33.5,33.04999923706055,33.5,4023.0
2026-10-06,3105.TWO,615.0,623.0,588.0,592.0,19673623.0
2026-10-06,3114.TWO,47.95000076293945,47.95000076293945,40.0,40.849998474121094,6976852.0
2026-10-06,3115.TWO,8.300000190734863,8.300000190734863,8.300000190734863,8.300000190734863,1029.0
2026-10-06,3118.TWO,31.200000762939453,31.200000762939453,30.899999618530273,31.100000381469727,11019.0
2026-10-06,3122.TWO,23.399999618530273,24.350000381469727,23.299999237060547,24.299999237060547,128432.0
2026-10-06,3128.TWO,20.0,20.399999618530273,19.5,20.149999618530273,123117.0
2026-10-06,3131.TWO,2550.0,2580.0,2510.0,2530.0,291665.0
2026-10-06,3141.TWO,85.0999984741211,85.0999984741211,79.19999694824219,80.19999694824219,5432857.0
2026-10-06,3162.TWO,86.69999694824219,88.69999694824219,84.0,84.30000305175781,2346393.0
2026-10-06,3163.TWO,711.0,718.0,688.0,689.0,2177336.0
2026-10-06,3169.TWO,114.0,114.0,112.0,112.0,231410.0
2026-10-06,3176.TWO,38.54999923706055,39.25,38.20000076293945,38.25,448988.0
2026-10-06,3178.TWO,70.5,70.5,68.4000015258789,68.5999984741211,133055.0
2026-10-06,3205.TWO,46.5,47.0,46.5,46.900001525878906,11060.0
2026-10-06,3206.TWO,33.79999923706055,34.0,33.70000076293945,34.0,17113.0
2026-10-06,3211.TWO,368.0,401.0,361.0,395.0,12512059.0
2026-10-06,3213.TWO,126.5,127.5,125.5,125.5,298654.0
2026-10-06,3217.TWO,129.0,129.0,127.5,128.0,230696.0
2026-10-06,3218.TWO,133.0,135.0,133.0,134.0,159463.0
2026-10-06,3219.TWO,131.5,140.5,130.0,140.5,1553189.0
2026-10-06,3221.TWO,55.70000076293945,55.70000076293945,52.0,52.400001525878906,3004745.0
2026-10-06,3224.TWO,32.349998474121094,33.0,31.75,32.29999923706055,47354.0
2026-10-06,3226.TWO,62.900001525878906,62.900001525878906,58.0,59.29999923706055,17001.0
2026-10-06,3228.TWO,172.0,174.0,167.0,168.5,341698.0
2026-10-06,3230.TWO,41.45000076293945,41.45000076293945,40.20000076293945,40.400001525878906,584664.0
2026-10-06,3232.TWO,20.450000762939453,20.450000762939453,20.0,20.200000762939453,51006.0
2026-10-06,3236.TWO,53.0,54.400001525878906,51.5,52.599998474121094,6378084.0
2026-10-06,3252.TWO,15.100000381469727,15.300000190734863,15.050000190734863,15.300000190734863,13141.0
2026-10-06,3264.TWO,242.5,248.0,241.0,246.0,13251654.0
2026-10-06,3272.TWO,13.949999809265137,13.949999809265137,13.899999618530273,13.949999809265137,18288.0
2026-10-06,3284.TWO,21.700000762939453,22.399999618530273,21.049999237060547,22.399999618530273,832522.0
2026-10-06,3287.TWO,40.54999923706055,40.54999923706055,39.75,39.75,345745.0
2026-10-06,3288.TWO,21.950000762939453,23.149999618530273,21.25,21.899999618530273,72297.0
2026-10-06,3289.TWO,145.0,145.0,141.5,143.0,487948.0
2026-10-06,3290.TWO,50.400001525878906,50.79999923706055,49.650001525878906,50.70000076293945,1172654.0
2026-10-06,3293.TWO,794.0,794.0,772.0,780.0,1491661.0
2026-10-06,3306.TWO,46.5,47.04999923706055,46.5,46.79999923706055,57388.0
2026-10-06,3310.TWO,68.19999694824219,68.19999694824219,67.5,67.9000015258789,27022.0
2026-10-06,3313.TWO,10.25,10.449999809265137,10.25,10.300000190734863,59749.0
2026-10-06,3317.TWO,70.0,73.19999694824219,67.80000305175781,69.0,7665869.0
2026-10-06,3323.TWO,30.649999618530273,30.649999618530273,29.75,30.100000381469727,465981.0
2026-10-06,3324.TWO,1540.0,1560.0,1515.0,1530.0,1768617.0
2026-10-06,3325.TWO,11.5,11.550000190734863,11.350000381469727,11.399999618530273,142759.0
2026-10-06,3332.TWO,64.5999984741211,64.9000015258789,64.0,64.30000305175781,13145.0
2026-10-06,3339.TWO,45.70000076293945,45.75,44.5,44.650001525878906,1244045.0
2026-10-06,3354.TWO,32.20000076293945,34.0,30.600000381469727,32.099998474121094,3228142.0
2026-10-06,3357.TWO,218.5,222.0,214.0,221.0,1203788.0
2026-10-06,3362.TWO,191.5,202.0,188.0,188.5,10317889.0
2026-10-06,3363.TWO,666.0,679.0,645.0,650.0,2385518.0
2026-10-06,3373.TWO,15.899999618530273,16.149999618530273,15.899999618530273,15.949999809265137,67291.0
2026-10-06,3388.TWO,85.0999984741211,87.5,84.4000015258789,85.5999984741211,753185.0
2026-10-06,3430.TWO,113.0,113.5,111.0,111.5,159004.0
2026-10-06,3441.TWO,238.0,255.0,238.0,255.0,19688326.0
2026-10-06,3444.TWO,77.9000015258789,78.9000015258789,76.0,77.4000015258789,233199.0
2026-10-06,3455.TWO,284.0,284.0,276.0,277.5,1454870.0
2026-10-06,3465.TWO,29.649999618530273,29.899999618530273,29.399999618530273,29.899999618530273,15435.0
2026-10-06,3467.TWO,71.30000305175781,72.0999984741211,70.80000305175781,71.0,253907.0
2026-10-06,3479.TWO,137.5,137.5,135.5,135.5,411503.0
2026-10-06,3484.TWO,49.5,49.70000076293945,49.099998474121094,49.099998474121094,114771.0
2026-10-06,3485.TWO,222.0,229.5,215.5,215.5,175016.0
2026-10-06,3491.TWO,1710.0,1755.0,1645.0,1715.0,4497324.0
2026-10-06,3492.TWO,19.649999618530273,19.700000762939453,19.399999618530273,19.399999618530273,30506.0
2026-10-06,3498.TWO,248.5,257.0,230.5,234.5,6135294.0
2026-10-06,3499.TWO,13.5,13.550000190734863,13.25,13.449999809265137,53426.0
2026-10-06,3508.TWO,24.799999237060547,25.799999237060547,24.799999237060547,25.350000381469727,245696.0
2026-10-06,3511.TWO,20.25,20.450000762939453,19.600000381469727,19.600000381469727,139087.0
2026-10-06,3512.TWO,19.100000381469727,19.100000381469727,19.0,19.049999237060547,43135.0
2026-10-06,3516.TWO,26.600000381469727,26.600000381469727,26.0,26.399999618530273,36880.0
2026-10-06,3520.TWO,18.200000762939453,18.299999237060547,17.600000381469727,17.799999237060547,304933.0
2026-10-06,3521.TWO,11.550000190734863,11.649999618530273,11.550000190734863,11.649999618530273,25082.0
2026-10-06,3523.TWO,14.100000381469727,14.100000381469727,13.850000381469727,14.100000381469727,11102.0
2026-10-06,3526.TWO,278.0,285.5,276.0,278.0,399504.0
2026-10-06,3529.TWO,3160.0,3175.0,3050.0,3115.0,956292.0
2026-10-06,3531.TWO,21.25,21.25,21.25,21.25,1002.0
2026-10-06,3537.TWO,55.79999923706055,55.79999923706055,55.099998474121094,55.20000076293945,202312.0
2026-10-06,3540.TWO,24.5,24.5,24.0,24.0,489276.0
2026-10-06,3548.TWO,75.5999984741211,75.69999694824219,74.5,74.5,187823.0
2026-10-06,3551.TWO,199.0,199.0,195.0,197.5,568728.0
2026-10-06,3555.TWO,165.0,165.0,161.0,163.5,31896.0
2026-10-06,3556.TWO,59.29999923706055,64.30000305175781,59.29999923706055,64.30000305175781,1235816.0
2026-10-06,3558.TWO,130.5,132.0,130.0,132.0,87620.0
2026-10-06,3564.TWO,60.400001525878906,61.599998474121094,56.400001525878906,60.5,2771656.0
2026-10-06,3567.TWO,26.299999237060547,26.299999237060547,25.850000381469727,26.049999237060547,38334.0
2026-10-06,3577.TWO,113.0,113.0,111.0,111.0,123387.0
2026-10-06,3580.TWO,110.0,110.5,103.5,103.5,701271.0
2026-10-06,3587.TWO,262.0,262.5,249.5,250.0,1292405.0
2026-10-06,3597.TWO,33.45000076293945,33.45000076293945,33.45000076293945,33.45000076293945,603780.0
2026-10-06,3609.TWO,23.0,24.200000762939453,22.850000381469727,23.75,71020.0
2026-10-06,3611.TWO,182.5,182.5,181.5,182.5,34236.0
2026-10-06,3615.TWO,44.54999923706055,46.400001525878906,43.29999923706055,43.5,1554503.0
2026-10-06,3623.TWO,30.0,30.299999237060547,29.950000762939453,30.0,168421.0
2026-10-06,3624.TWO,147.5,153.0,144.0,145.0,12771866.0
2026-10-06,3625.TWO,9.850000381469727,10.199999809265137,9.850000381469727,10.050000190734863,427400.0
2026-10-06,3628.TWO,74.30000305175781,74.30000305175781,71.80000305175781,71.80000305175781,47129.0
2026-10-06,3629.TWO,14.449999809265137,14.449999809265137,12.800000190734863,12.800000190734863,5000.0
2026-10-06,3630.TWO,27.299999237060547,29.899999618530273,27.149999618530273,29.5,3839041.0
2026-10-06,3631.TWO,41.25,42.150001525878906,40.70000076293945,42.099998474121094,341407.0
2026-10-06,3632.TWO,7.050000190734863,7.199999809265137,7.019999980926514,7.099999904632568,128173.0
2026-10-06,3646.TWO,25.200000762939453,25.200000762939453,24.799999237060547,25.100000381469727,9017.0
2026-10-06,3666.TWO,25.100000381469727,25.399999618530273,25.100000381469727,25.399999618530273,62017.0
2026-10-06,3672.TWO,12.25,12.25,11.850000381469727,11.850000381469727,6144.0
2026-10-06,3675.TWO,349.0,354.0,334.0,335.5,1527477.0
2026-10-06,3680.TWO,569.0,594.0,562.0,563.0,2794736.0
2026-10-06,3685.TWO,35.75,36.79999923706055,35.20000076293945,35.849998474121094,1213444.0
2026-10-06,3693.TWO,697.0,729.0,681.0,716.0,2427258.0
2026-10-06,3707.TWO,87.19999694824219,87.5,83.0999984741211,86.0,20864626.0
2026-10-06,3713.TWO,13.449999809265137,13.649999618530273,13.300000190734863,13.649999618530273,43110.0
2026-10-06,4102.TWO,18.0,18.649999618530273,18.0,18.25,35419.0
2026-10-06,4105.TWO,78.80000305175781,79.0999984741211,78.5,78.80000305175781,672469.0
2026-10-06,4113.TWO,14.800000190734863,15.100000381469727,14.800000190734863,14.949999809265137,88262.0
2026-10-06,4114.TWO,29.100000381469727,29.200000762939453,29.049999237060547,29.049999237060547,523355.0
2026-10-06,4116.TWO,40.0,40.099998474121094,39.54999923706055,39.75,27208.0
2026-10-06,4120.TWO,45.70000076293945,46.0,45.45000076293945,46.0,21366.0
2026-10-06,4121.TWO,12.75,12.75,12.600000381469727,12.699999809265137,44523.0
2026-10-06,4123.TWO,30.850000381469727,31.149999618530273,30.600000381469727,30.799999237060547,1077173.0
2026-10-06,4126.TWO,77.5999984741211,77.5999984741211,77.19999694824219,77.4000015258789,76474.0
2026-10-06,4127.TWO,42.5,42.849998474121094,40.25,41.20000076293945,535704.0
2026-10-06,4129.TWO,82.5,83.0999984741211,82.5,82.80000305175781,73927.0
2026-10-06,4138.TWO,53.5,53.70000076293945,53.29999923706055,53.5,21278.0
2026-10-06,4139.TWO,42.099998474121094,43.20000076293945,42.099998474121094,43.04999923706055,23639.0
2026-10-06,4147.TWO,60.5,61.79999923706055,59.70000076293945,61.29999923706055,691052.0
2026-10-06,4153.TWO,31.450000762939453,31.450000762939453,31.200000762939453,31.200000762939453,26001.0
2026-10-06,4157.TWO,8.5600004196167,8.5600004196167,8.4399995803833,8.470000267028809,616994.0
2026-10-06,4160.TWO,38.95000076293945,39.0,38.400001525878906,38.79999923706055,16077.0
2026-10-06,4162.TWO,55.400001525878906,55.5,55.0,55.0,108855.0
2026-10-06,4163.TWO,135.5,136.0,134.0,135.0,35374.0
2026-10-06,4166.TWO,24.0,24.5,24.0,24.100000381469727,63005.0
2026-10-06,4168.TWO,22.700000762939453,22.75,22.5,22.75,81257.0
2026-10-06,4171.TWO,16.850000381469727,17.0,16.5,16.75,64442.0
2026-10-06,4174.TWO,46.150001525878906,50.79999923706055,45.849998474121094,50.79999923706055,3357072.0
2026-10-06,4175.TWO,50.79999923706055,50.900001525878906,50.70000076293945,50.70000076293945,8091.0
2026-10-05,4183.TWO,14.75,14.75,14.75,14.75,1000.0
2026-10-06,4207.TWO,19.350000381469727,19.350000381469727,19.149999618530273,19.299999237060547,281614.0
2026-10-06,4303.TWO,32.150001525878906,32.150001525878906,31.200000762939453,31.200000762939453,973648.0
2026-10-06,4304.TWO,17.899999618530273,17.899999618530273,16.799999237060547,16.799999237060547,31901.0
2026-10-06,4401.TWO,13.800000190734863,13.899999618530273,13.699999809265137,13.850000381469727,60440.0
2026-10-06,4402.TWO,13.550000190734863,13.550000190734863,12.949999809265137,13.300000190734863,61784.0
2026-10-05,4413.TWO,20.299999237060547,20.299999237060547,19.899999618530273,19.899999618530273,8000.0
2026-10-06,4416.TWO,12.75,12.800000190734863,12.550000190734863,12.550000190734863,382744.0
2026-10-06,4430.TWO,19.299999237060547,19.299999237060547,17.600000381469727,18.049999237060547,43251.0
2026-10-06,4432.TWO,15.199999809265137,15.25,15.050000190734863,15.199999809265137,33207.0
2026-10-06,4433.TWO,17.549999237060547,18.0,17.5,18.0,111177.0
2026-10-06,4442.TWO,53.5,53.79999923706055,53.20000076293945,53.20000076293945,13105.0
2026-10-06,4502.TWO,15.649999618530273,15.75,15.600000381469727,15.699999809265137,22000.0
2026-10-06,4506.TWO,117.5,117.5,117.0,117.5,65294.0
2026-10-06,4513.TWO,16.149999618530273,16.25,16.0,16.149999618530273,185132.0
2026-10-06,4523.TWO,23.950000762939453,23.950000762939453,23.450000762939453,23.850000381469727,49670.0
2026-10-06,4529.TWO,3.5,3.5,3.3299999237060547,3.390000104904175,29003.0
2026-10-06,4530.TWO,24.5,24.950000762939453,24.299999237060547,24.600000381469727,10183.0
2026-10-06,4533.TWO,25.299999237060547,25.549999237060547,25.149999618530273,25.450000762939453,490744.0
2026-10-06,4535.TWO,26.450000762939453,26.5,26.450000762939453,26.5,3189.0
2026-10-06,4538.TWO,17.450000762939453,17.5,17.200000762939453,17.299999237060547,18237.0
2026-10-06,4541.TWO,60.400001525878906,60.900001525878906,59.900001525878906,60.0,451736.0
2026-10-06,4542.TWO,348.5,352.0,335.0,338.0,1329303.0
2026-10-06,4554.TWO,28.700000762939453,28.700000762939453,27.899999618530273,27.899999618530273,12481.0
2026-10-06,4556.TWO,124.5,138.0,123.5,137.5,3796393.0
2026-10-06,4558.TWO,16.899999618530273,17.149999618530273,16.850000381469727,16.850000381469727,28000.0
2026-10-06,4561.TWO,43.70000076293945,44.400001525878906,42.5,42.70000076293945,198362.0
2026-10-06,4563.TWO,54.20000076293945,55.29999923706055,53.5,53.79999923706055,303473.0
2026-10-06,4577.TWO,93.5,93.5,88.80000305175781,88.80000305175781,346353.0
2026-10-06,4580.TWO,82.5,82.5,81.9000015258789,82.5,32875.0
2026-10-06,4584.TWO,37.75,39.849998474121094,37.75,38.099998474121094,7194.0
2026-10-06,4702.TWO,9.380000114440918,9.380000114440918,9.270000457763672,9.319999694824219,46380.0
2026-10-06,4706.TWO,38.400001525878906,39.25,36.099998474121094,39.25,186300.0
2026-10-06,4707.TWO,30.350000381469727,33.25,30.299999237060547,33.25,12566959.0
2026-10-06,4711.TWO,16.799999237060547,18.450000762939453,16.799999237060547,18.450000762939453,1787400.0
2026-10-06,4714.TWO,11.949999809265137,12.0,11.75,11.899999618530273,607411.0
2026-10-06,4716.TWO,20.950000762939453,20.950000762939453,20.950000762939453,20.950000762939453,1882050.0
2026-10-06,4721.TWO,81.4000015258789,83.30000305175781,80.5999984741211,82.5,608078.0
2026-10-06,4726.TWO,22.950000762939453,22.950000762939453,22.5,22.850000381469727,123443.0
2026-10-06,4729.TWO,19.799999237060547,19.899999618530273,19.600000381469727,19.799999237060547,144731.0
2026-10-06,4743.TWO,48.5,49.099998474121094,47.20000076293945,48.099998474121094,2865858.0
2026-10-06,4744.TWO,28.450000762939453,28.5,28.100000381469727,28.100000381469727,70098.0
2026-10-06,4745.TWO,12.100000381469727,12.149999618530273,12.0,12.149999618530273,13658.0
2026-10-06,4767.TWO,28.200000762939453,28.600000381469727,28.0,28.5,16220.0
2026-10-06,4768.TWO,366.5,382.5,361.0,370.0,960936.0
2026-10-06,4772.TWO,278.0,279.0,274.0,276.0,827210.0
2026-10-06,4806.TWO,11.300000190734863,11.649999618530273,10.899999618530273,11.300000190734863,216013.0
2026-10-06,4903.TWO,43.5,44.650001525878906,42.5,42.5,2295178.0
2026-10-06,4905.TWO,98.19999694824219,98.19999694824219,91.0,91.19999694824219,195235.0
2026-10-06,4907.TWO,43.45000076293945,43.45000076293945,42.849998474121094,42.849998474121094,27246.0
2026-10-06,4908.TWO,236.5,237.0,225.0,231.0,2646336.0
2026-10-06,4909.TWO,37.79999923706055,38.650001525878906,37.0,37.29999923706055,1182569.0
2026-10-06,4911.TWO,28.0,28.100000381469727,28.0,28.100000381469727,10503.0
2026-10-06,4924.TWO,15.300000190734863,15.300000190734863,14.300000190734863,14.300000190734863,243245.0
2026-10-06,4931.TWO,248.0,260.0,242.0,258.5,8390004.0
2026-10-06,4933.TWO,53.599998474121094,54.099998474121094,53.20000076293945,53.20000076293945,42061.0
2026-10-06,4939.TWO,79.19999694824219,79.19999694824219,76.19999694824219,76.30000305175781,4177179.0
2026-10-06,4946.TWO,98.80000305175781,98.80000305175781,98.0999984741211,98.0999984741211,4994.0
2026-10-06,4950.TWO,15.600000381469727,15.699999809265137,15.550000190734863,15.550000190734863,5589.0
2026-10-06,4951.TWO,90.4000015258789,90.4000015258789,88.80000305175781,89.0,208419.0
2026-10-06,4966.TWO,574.0,574.0,562.0,563.0,602339.0
2026-10-06,4971.TWO,588.0,620.0,581.0,585.0,3126512.0
2026-10-06,4972.TWO,16.200000762939453,16.200000762939453,16.049999237060547,16.100000381469727,57356.0
2026-10-06,4973.TWO,137.5,138.0,136.5,136.5,412423.0
2026-10-06,4974.TWO,70.0999984741211,70.4000015258789,69.80000305175781,70.0,147965.0
2026-10-06,4979.TWO,610.0,622.0,561.0,568.0,11323980.0
2026-10-06,4991.TWO,528.0,535.0,503.0,505.0,4728189.0
2026-10-06,4995.TWO,47.599998474121094,47.599998474121094,45.099998474121094,47.349998474121094,65500.0
2026-10-06,5009.TWO,32.45000076293945,32.900001525878906,32.20000076293945,32.70000076293945,1051849.0
2026-10-06,5011.TWO,23.850000381469727,23.850000381469727,20.25,21.649999618530273,3113492.0
2026-10-06,5013.TWO,56.400001525878906,56.400001525878906,46.349998474121094,47.95000076293945,3733586.0
2026-10-06,5014.TWO,10.0,10.050000190734863,9.989999771118164,9.989999771118164,127439.0
2026-10-06,5201.TWO,27.850000381469727,27.850000381469727,27.0,27.649999618530273,264461.0
2026-10-06,5205.TWO,27.549999237060547,27.549999237060547,27.549999237060547,27.549999237060547,54148.0
2026-10-06,5206.TWO,22.549999237060547,22.799999237060547,22.5,22.700000762939453,59429.0
2026-10-06,5209.TWO,175.0,175.0,172.5,173.5,44596.0
2026-10-06,5210.TWO,30.0,30.049999237060547,29.600000381469727,29.850000381469727,147061.0
2026-10-06,5211.TWO,20.899999618530273,20.899999618530273,20.600000381469727,20.600000381469727,21911.0
2026-10-06,5212.TWO,49.0,49.20000076293945,49.0,49.20000076293945,10689.0
2026-10-06,5213.TWO,20.25,20.25,20.049999237060547,20.149999618530273,199819.0
2026-10-06,5220.TWO,22.700000762939453,22.799999237060547,21.600000381469727,21.75,283238.0
2026-10-06,5223.TWO,22.649999618530273,22.649999618530273,22.600000381469727,22.600000381469727,3000.0
2026-10-06,5227.TWO,29.0,29.25,28.649999618530273,28.899999618530273,427870.0
2026-10-06,5245.TWO,20.549999237060547,20.549999237060547,20.149999618530273,20.399999618530273,99720.0
2026-10-06,5272.TWO,17.799999237060547,17.799999237060547,17.450000762939453,17.549999237060547,68728.0
2026-10-06,5274.TWO,19520.0,19895.0,18855.0,18985.0,188024.0
2026-10-06,5276.TWO,17.600000381469727,17.600000381469727,17.5,17.5,2004.0
2026-10-06,5278.TWO,23.950000762939453,23.950000762939453,23.399999618530273,23.5,59554.0
2026-10-06,5287.TWO,137.0,137.0,136.5,136.5,40653.0
2026-10-06,5289.TWO,1305.0,1310.0,1265.0,1265.0,1252586.0
2026-10-06,5291.TWO,65.5,67.5,63.599998474121094,64.0999984741211,749860.0
2026-10-06,5299.TWO,105.0,105.0,102.0,102.0,199238.0
2026-10-06,5302.TWO,9.729999542236328,9.930000305175781,9.729999542236328,9.8100004196167,123531.0
2026-10-06,5309.TWO,67.0999984741211,67.5999984741211,63.900001525878906,67.19999694824219,8031300.0
2026-10-06,5312.TWO,89.5999984741211,89.5999984741211,89.0,89.5999984741211,15708.0
2026-10-06,5314.TWO,29.0,29.600000381469727,28.200000762939453,28.600000381469727,20460685.0
2026-10-06,5315.TWO,18.850000381469727,19.350000381469727,18.799999237060547,19.049999237060547,247113.0
2026-10-06,5321.TWO,67.0999984741211,70.9000015258789,67.0999984741211,70.0,235540.0
2026-10-06,5328.TWO,58.0,58.400001525878906,57.0,57.0,2629857.0
2026-10-06,5340.TWO,87.0999984741211,88.4000015258789,85.0,85.0,3419393.0
2026-10-06,5344.TWO,13.949999809265137,13.949999809265137,13.5,13.550000190734863,37673.0
2026-10-06,5347.TWO,184.5,195.0,184.5,191.0,33783821.0
2026-10-06,5348.TWO,17.5,17.5,17.200000762939453,17.399999618530273,27643.0
2026-10-06,5351.TWO,114.0,115.5,112.0,113.0,6763663.0
2026-10-06,5364.TWO,8.359999656677246,8.359999656677246,8.260000228881836,8.289999961853027,28168.0
2026-10-06,5381.TWO,23.299999237060547,23.299999237060547,22.0,22.450000762939453,809700.0
2026-10-06,5386.TWO,291.5,293.5,286.5,286.5,493545.0
2026-10-06,5392.TWO,39.900001525878906,40.20000076293945,39.04999923706055,39.04999923706055,692362.0
2026-10-06,5398.TWO,13.649999618530273,14.100000381469727,13.649999618530273,13.649999618530273,56023.0
2026-10-06,5403.TWO,92.5,92.5,91.5999984741211,91.80000305175781,48597.0
2026-10-06,5426.TWO,29.549999237060547,29.549999237060547,28.799999237060547,28.799999237060547,489392.0
2026-10-06,5432.TWO,192.0,195.5,185.5,195.5,1141728.0
2026-10-06,5438.TWO,17.0,17.100000381469727,16.850000381469727,16.899999618530273,42692.0
2026-10-06,5439.TWO,264.5,270.0,259.0,264.5,2773145.0
2026-10-06,5443.TWO,115.5,115.5,112.5,113.0,1280158.0
2026-10-06,5450.TWO,14.399999618530273,14.649999618530273,14.300000190734863,14.550000190734863,128262.0
2026-10-06,5455.TWO,30.799999237060547,30.799999237060547,30.799999237060547,30.799999237060547,1377.0
2026-10-06,5457.TWO,24.450000762939453,24.700000762939453,24.0,24.299999237060547,432991.0
2026-10-06,5468.TWO,24.399999618530273,24.700000762939453,24.350000381469727,24.649999618530273,115468.0
2026-10-06,5474.TWO,162.5,165.0,160.0,163.0,226787.0
2026-10-06,5475.TWO,186.0,188.0,180.0,181.0,2225228.0
2026-10-06,5478.TWO,97.0999984741211,97.19999694824219,97.0,97.0,35623.0
2026-10-06,5481.TWO,21.700000762939453,21.700000762939453,19.549999237060547,20.399999618530273,693967.0
2026-10-06,5483.TWO,214.5,220.5,211.0,215.0,17603245.0
2026-10-06,5487.TWO,29.200000762939453,29.450000762939453,28.75,28.799999237060547,117002.0
2026-10-06,5488.TWO,12.050000190734863,12.199999809265137,11.850000381469727,12.149999618530273,218999.0
2026-10-06,5489.TWO,41.70000076293945,42.20000076293945,41.5,41.650001525878906,26161.0
2026-10-06,5490.TWO,25.299999237060547,25.549999237060547,25.299999237060547,25.350000381469727,120468.0
2026-10-06,5493.TWO,90.9000015258789,91.0,89.9000015258789,90.0999984741211,88322.0
2026-10-06,5508.TWO,53.0,53.400001525878906,52.900001525878906,53.0,117479.0
2026-10-06,5511.TWO,68.5,68.5999984741211,68.0999984741211,68.5,96336.0
2026-10-06,5514.TWO,15.050000190734863,15.050000190734863,15.050000190734863,15.050000190734863,12277.0
2026-10-06,5516.TWO,11.899999618530273,12.0,11.75,12.0,33000.0
2026-10-06,5520.TWO,84.0,84.5999984741211,84.0,84.19999694824219,6511.0
2026-10-06,5523.TWO,30.100000381469727,30.299999237060547,30.100000381469727,30.200000762939453,151543.0
2026-10-06,5529.TWO,25.950000762939453,26.5,25.950000762939453,26.049999237060547,61004.0
2026-10-06,5530.TWO,48.20000076293945,48.20000076293945,47.79999923706055,47.849998474121094,274978.0
2026-10-06,5543.TWO,27.600000381469727,27.600000381469727,26.899999618530273,27.5,3007.0
2026-10-06,5547.TWO,20.100000381469727,20.200000762939453,20.100000381469727,20.200000762939453,18029.0
2026-10-06,5548.TWO,20.049999237060547,20.049999237060547,19.950000762939453,20.0,29561.0
2026-10-06,5601.TWO,29.549999237060547,29.549999237060547,28.899999618530273,28.899999618530273,10000.0
2026-10-06,5603.TWO,13.399999618530273,14.5,13.300000190734863,14.199999809265137,247229.0
2026-10-06,5604.TWO,31.700000762939453,31.75,31.350000381469727,31.5,12744.0
2026-10-06,5609.TWO,77.69999694824219,78.5,77.5,78.30000305175781,250580.0
2026-10-06,5701.TWO,4.0,4.03000020980835,4.0,4.0,21539.0
2026-10-06,5703.TWO,13.5,13.5,13.5,13.5,1222.0
2026-10-06,5864.TWO,40.349998474121094,40.79999923706055,38.70000076293945,38.849998474121094,5037373.0
2026-10-06,5878.TWO,37.70000076293945,37.70000076293945,37.5,37.5,5314.0
2026-10-06,5902.TWO,34.0,34.54999923706055,33.849998474121094,34.04999923706055,415219.0
2026-10-06,5904.TWO,68.80000305175781,69.4000015258789,68.5999984741211,68.69999694824219,2687352.0
2026-10-06,5905.TWO,7.289999961853027,7.329999923706055,7.25,7.289999961853027,345643.0
2026-10-06,6015.TWO,18.299999237060547,18.399999618530273,17.850000381469727,17.850000381469727,1623448.0
2026-10-06,6016.TWO,24.649999618530273,24.850000381469727,23.899999618530273,23.899999618530273,4607096.0
2026-10-06,6020.TWO,20.600000381469727,20.600000381469727,20.549999237060547,20.549999237060547,6000.0
2026-10-06,6026.TWO,16.049999237060547,16.100000381469727,15.850000381469727,15.850000381469727,829575.0
2026-10-06,6028.TWO,99.0,103.0,99.0,102.0,53548.0
2026-10-06,6101.TWO,37.79999923706055,37.79999923706055,37.29999923706055,37.599998474121094,166628.0
2026-10-06,6103.TWO,36.0,36.29999923706055,36.0,36.29999923706055,9277.0
2026-10-06,6111.TWO,37.0,37.0,36.20000076293945,36.25,114048.0
2026-10-06,6118.TWO,16.049999237060547,16.200000762939453,16.049999237060547,16.100000381469727,50502.0
2026-10-06,6121.TWO,378.0,378.0,368.0,372.5,1123442.0
2026-10-06,6123.TWO,42.70000076293945,42.70000076293945,42.54999923706055,42.650001525878906,20583.0
2026-10-06,6124.TWO,27.200000762939453,27.25,26.75,27.0,30040.0
2026-10-06,6125.TWO,50.5,50.5,49.79999923706055,49.79999923706055,467257.0
2026-10-06,6126.TWO,33.0,33.099998474121094,32.349998474121094,32.650001525878906,1263436.0
2026-10-06,6127.TWO,56.79999923706055,58.70000076293945,56.0,56.79999923706055,4415060.0
2026-10-06,6130.TWO,22.600000381469727,23.0,22.5,22.75,68114.0
2026-10-06,6143.TWO,80.5,80.5,79.0999984741211,79.0999984741211,531402.0
2026-10-06,6144.TWO,13.399999618530273,13.600000381469727,13.149999618530273,13.199999809265137,16001.0
2026-10-06,6146.TWO,181.5,183.5,181.0,182.0,161410.0
2026-10-06,6148.TWO,36.75,39.900001525878906,36.75,37.70000076293945,5329717.0
2026-10-06,6150.TWO,65.69999694824219,66.0,64.9000015258789,65.5,407235.0
2026-10-06,6154.TWO,14.149999618530273,14.149999618530273,14.100000381469727,14.100000381469727,6851.0
2026-10-06,6156.TWO,22.450000762939453,24.450000762939453,22.100000381469727,23.899999618530273,2712617.0
2026-10-06,6158.TWO,17.799999237060547,17.799999237060547,17.549999237060547,17.799999237060547,59045.0
2026-10-06,6161.TWO,49.29999923706055,49.29999923706055,49.0,49.0,23536.0
2026-10-06,6163.TWO,43.0,43.04999923706055,41.650001525878906,41.95000076293945,1146805.0
2026-10-06,6167.TWO,10.25,10.350000381469727,10.25,10.300000190734863,198164.0
2026-10-06,6170.TWO,48.650001525878906,48.849998474121094,48.650001525878906,48.849998474121094,133155.0
2026-10-06,6171.TWO,24.0,24.350000381469727,23.850000381469727,24.100000381469727,38594.0
2026-10-06,6173.TWO,292.5,298.5,284.0,284.0,5671658.0
2026-10-06,6174.TWO,58.5,58.5,54.5,54.5,2843074.0
2026-10-06,6175.TWO,75.0,76.0999984741211,74.0999984741211,76.0,1050470.0
2026-10-06,6179.TWO,36.099998474121094,38.0,35.599998474121094,37.54999923706055,7821509.0
2026-10-06,6180.TWO,41.0,41.5,40.75,41.20000076293945,230410.0
2026-10-06,6182.TWO,132.0,134.5,126.5,128.0,67517939.0
2026-10-06,6187.TWO,1500.0,1590.0,1445.0,1535.0,5706042.0
2026-10-06,6188.TWO,61.599998474121094,62.20000076293945,61.5,61.79999923706055,462178.0
2026-10-06,6190.TWO,78.80000305175781,79.69999694824219,76.19999694824219,76.19999694824219,9150330.0
2026-10-06,6194.TWO,30.899999618530273,32.29999923706055,30.899999618530273,31.549999237060547,227056.0
2026-10-06,6195.TWO,28.100000381469727,28.200000762939453,28.0,28.100000381469727,17453.0
2026-10-06,6198.TWO,19.700000762939453,19.700000762939453,19.700000762939453,19.700000762939453,1083.0
2026-10-06,6199.TWO,133.5,135.5,133.5,135.5,5075871.0
2026-10-06,6203.TWO,60.0,60.0,59.79999923706055,59.79999923706055,36591.0
2026-10-06,6204.TWO,111.5,116.5,109.5,110.5,423217.0
2026-10-06,6208.TWO,80.0,80.5999984741211,79.30000305175781,79.80000305175781,183879.0
2026-10-06,6210.TWO,17.700000762939453,17.700000762939453,17.25,17.600000381469727,18074.0
2026-10-06,6212.TWO,32.04999923706055,32.04999923706055,32.04999923706055,32.04999923706055,1000.0
2026-10-06,6217.TWO,180.0,183.5,172.0,174.0,2463854.0
2026-10-06,6218.TWO,58.79999923706055,62.70000076293945,56.29999923706055,56.5,5090197.0
2026-10-06,6219.TWO,12.149999618530273,12.199999809265137,12.050000190734863,12.199999809265137,104575.0
2026-10-06,6220.TWO,25.399999618530273,26.799999237060547,25.399999618530273,25.600000381469727,726463.0
2026-10-06,6221.TWO,30.25,32.599998474121094,30.200000762939453,30.799999237060547,2152905.0
2026-10-06,6222.TWO,19.950000762939453,20.0,19.950000762939453,20.0,7000.0
2026-10-06,6223.TWO,5530.0,5725.0,5425.0,5670.0,972741.0
2026-10-06,6227.TWO,144.0,144.0,140.5,141.5,798706.0
2026-10-06,6228.TWO,18.0,18.0,17.700000762939453,17.700000762939453,4020.0
2026-10-06,6231.TWO,240.0,240.0,234.0,234.0,178776.0
2026-10-06,6234.TWO,39.04999923706055,39.04999923706055,38.0,38.0,269484.0
2026-10-05,6236.TWO,16.899999618530273,16.899999618530273,16.899999618530273,16.899999618530273,0.0
2026-10-06,6237.TWO,35.70000076293945,36.0,35.20000076293945,35.20000076293945,177208.0
2026-10-06,6242.TWO,33.900001525878906,33.900001525878906,33.849998474121094,33.849998474121094,6144.0
2026-10-06,6244.TWO,23.600000381469727,23.899999618530273,22.950000762939453,22.950000762939453,2720921.0
2026-10-06,6245.TWO,90.0,90.9000015258789,87.80000305175781,87.80000305175781,599066.0
2026-10-06,6246.TWO,12.649999618530273,12.649999618530273,12.600000381469727,12.649999618530273,3153.0
2026-10-06,6248.TWO,17.149999618530273,17.200000762939453,17.0,17.149999618530273,32851.0
2026-10-06,6259.TWO,33.400001525878906,33.400001525878906,32.099998474121094,32.29999923706055,228120.0
2026-10-06,6261.TWO,78.5999984741211,79.30000305175781,77.9000015258789,78.30000305175781,358507.0
2026-10-06,6263.TWO,168.0,177.0,166.0,175.5,695285.0
2026-10-06,6264.TWO,6.03000020980835,6.090000152587891,6.03000020980835,6.090000152587891,5000.0
2026-10-06,6265.TWO,49.29999923706055,49.650001525878906,48.599998474121094,48.650001525878906,763848.0
2026-10-06,6266.TWO,27.299999237060547,27.399999618530273,26.350000381469727,26.549999237060547,503911.0
2026-10-06,6270.TWO,30.700000762939453,30.700000762939453,30.25,30.350000381469727,178419.0
2026-10-06,6274.TWO,1775.0,1775.0,1680.0,1755.0,17478893.0
2026-10-06,6275.TWO,47.650001525878906,47.650001525878906,47.0,47.150001525878906,166022.0
2026-10-06,6279.TWO,116.5,117.0,115.5,116.5,234203.0
2026-10-06,6284.TWO,79.5999984741211,79.69999694824219,78.0,78.69999694824219,832480.0
2026-10-06,6290.TWO,284.0,290.5,277.0,290.0,4488956.0
2026-10-06,6291.TWO,494.0,494.0,464.5,464.5,881565.0
2026-10-06,6292.TWO,71.5,73.9000015258789,70.0,70.19999694824219,588632.0
2026-10-06,6294.TWO,28.0,28.0,27.700000762939453,27.75,16276.0
2026-10-06,6411.TWO,79.80000305175781,79.80000305175781,78.0999984741211,78.5,192459.0
2026-10-06,6418.TWO,33.95000076293945,34.400001525878906,33.95000076293945,34.25,43425.0
2026-10-06,6419.TWO,170.0,170.0,164.0,168.5,600882.0
2026-10-06,6423.TWO,92.0,92.0,88.4000015258789,88.4000015258789,114770.0
2026-10-06,6425.TWO,77.30000305175781,78.30000305175781,72.5,74.5,748997.0
2026-10-06,6441.TWO,24.700000762939453,24.700000762939453,22.450000762939453,22.549999237060547,572541.0
2026-10-06,6465.TWO,41.54999923706055,41.54999923706055,40.5,40.5,220349.0
2026-10-06,6469.TWO,63.29999923706055,63.29999923706055,62.599998474121094,62.79999923706055,330309.0
2026-10-06,6470.TWO,42.70000076293945,42.75,42.400001525878906,42.70000076293945,23308.0
2026-10-06,6474.TWO,35.650001525878906,35.79999923706055,35.650001525878906,35.79999923706055,26076.0
2026-10-06,6486.TWO,77.5,78.4000015258789,77.0,78.0,40780.0
2026-10-06,6488.TWO,1175.0,1260.0,1145.0,1205.0,13889124.0
2026-10-06,6492.TWO,34.29999923706055,34.29999923706055,33.70000076293945,33.70000076293945,101867.0
2026-10-06,6494.TWO,54.5,54.5,52.0,52.70000076293945,95440.0
2026-10-06,6498.TWO,69.9000015258789,76.0,69.0999984741211,75.0,579179.0
2026-10-06,6499.TWO,80.0999984741211,80.0999984741211,78.30000305175781,78.5,204295.0
2026-10-06,6506.TWO,18.600000381469727,18.850000381469727,18.600000381469727,18.850000381469727,189036.0
2026-10-06,6508.TWO,26.100000381469727,26.600000381469727,26.0,26.049999237060547,39962.0
2026-10-06,6509.TWO,50.099998474121094,50.20000076293945,49.20000076293945,49.349998474121094,693406.0
2026-10-05,6512.TWO,20.200000762939453,20.200000762939453,20.200000762939453,20.200000762939453,2029.0
2026-10-06,6516.TWO,56.70000076293945,56.70000076293945,56.0,56.599998474121094,23531.0
2026-10-06,6527.TWO,74.4000015258789,74.5,74.30000305175781,74.30000305175781,7000.0
2026-10-06,6530.TWO,99.0,99.5,95.4000015258789,95.4000015258789,1256492.0
2026-10-06,6535.TWO,86.19999694824219,86.19999694824219,80.80000305175781,80.80000305175781,265250.0
2026-10-06,6546.TWO,60.599998474121094,62.70000076293945,60.599998474121094,61.5,231035.0
2026-10-06,6548.TWO,78.0999984741211,78.30000305175781,75.9000015258789,76.5999984741211,4451880.0
2026-10-06,6556.TWO,61.0,62.0,61.0,62.0,11243.0
2026-10-06,6560.TWO,33.79999923706055,34.29999923706055,33.04999923706055,34.29999923706055,146024.0
2026-10-06,6570.TWO,47.5,47.54999923706055,47.349998474121094,47.45000076293945,37035.0
2026-10-06,6576.TWO,78.0999984741211,78.80000305175781,77.9000015258789,78.5,80809.0
2026-10-06,6577.TWO,80.0,81.0999984741211,79.19999694824219,81.0999984741211,21075.0
2026-10-06,6578.TWO,16.149999618530273,16.299999237060547,16.100000381469727,16.299999237060547,38030.0
2026-10-06,6588.TWO,112.5,113.0,108.5,109.5,673965.0
2026-10-06,6590.TWO,64.30000305175781,64.30000305175781,63.70000076293945,64.30000305175781,26603.0
2026-10-06,6593.TWO,31.649999618530273,31.950000762939453,31.600000381469727,31.899999618530273,20632.0
2026-10-06,6596.TWO,95.9000015258789,96.5999984741211,95.80000305175781,96.5,77427.0
2026-10-05,6597.TWO,63.0,64.9000015258789,62.900001525878906,64.9000015258789,6000.0
2026-10-06,6604.TWO,25.799999237060547,25.799999237060547,24.899999618530273,25.149999618530273,1138383.0
2026-10-06,6612.TWO,73.69999694824219,74.5999984741211,72.5999984741211,72.5999984741211,45586.0
2026-10-06,6613.TWO,285.0,286.5,282.5,285.0,313863.0
2026-10-06,6615.TWO,33.95000076293945,34.25,33.349998474121094,33.349998474121094,50982.0
2026-10-06,6617.TWO,128.5,131.0,126.5,126.5,402189.0
2026-10-06,6620.TWO,145.0,145.0,131.5,133.0,4613577.0
2026-10-06,6624.TWO,39.349998474121094,39.349998474121094,36.900001525878906,38.0,8015.0
2026-10-06,6629.TWO,104.0,104.0,103.0,103.5,9004.0
2026-10-06,6637.TWO,53.70000076293945,53.70000076293945,53.400001525878906,53.599998474121094,18510.0
2026-10-06,6640.TWO,1160.0,1175.0,1110.0,1135.0,622846.0
2026-10-06,6643.TWO,509.0,518.0,507.0,508.0,470747.0
2026-10-06,6649.TWO,37.150001525878906,38.650001525878906,37.099998474121094,37.650001525878906,157317.0
2026-10-06,6651.TWO,157.0,157.0,150.0,155.5,259139.0
2026-10-06,6654.TWO,221.0,221.0,217.0,220.0,55969.0
2026-10-06,6662.TWO,28.5,28.5,28.5,28.5,2000.0
2026-10-06,6667.TWO,263.0,264.0,259.5,260.5,321163.0
2026-10-06,6679.TWO,204.5,204.5,199.5,200.5,435667.0
2026-10-06,6684.TWO,49.04999923706055,49.099998474121094,48.349998474121094,48.900001525878906,51080.0
2026-10-06,6690.TWO,178.0,180.5,176.0,176.5,181463.0
2026-10-06,6692.TWO,22.649999618530273,22.649999618530273,22.0,22.149999618530273,27324.0
2026-10-06,6693.TWO,215.5,215.5,206.0,206.0,1086717.0
2026-10-06,6712.TWO,160.0,161.5,158.5,160.0,235410.0
2026-10-06,6716.TWO,145.0,146.0,139.5,146.0,3847261.0
2026-10-06,6727.TWO,537.0,558.0,522.0,528.0,1783924.0
2026-10-06,6728.TWO,108.0,109.0,108.0,108.5,21039.0
2026-10-06,6732.TWO,152.5,153.5,151.5,152.0,103321.0
2026-10-06,6733.TWO,24.600000381469727,24.850000381469727,24.5,24.549999237060547,64211.0
2026-10-06,6735.TWO,65.9000015258789,65.9000015258789,64.9000015258789,64.9000015258789,64788.0
2026-10-06,6739.TWO,1150.0,1150.0,1110.0,1110.0,213167.0
2026-10-06,6741.TWO,54.79999923706055,54.79999923706055,54.5,54.5,108043.0
2026-10-05,6751.TWO,44.5,44.650001525878906,44.45000076293945,44.45000076293945,8000.0
2026-10-06,6752.TWO,96.5999984741211,97.30000305175781,96.5999984741211,96.5999984741211,13616.0
2026-10-06,6761.TWO,168.5,169.0,167.0,167.5,106781.0
2026-10-05,6762.TWO,156.0,156.0,156.0,156.0,2050.0
2026-10-06,6767.TWO,24.299999237060547,24.299999237060547,23.5,23.700000762939453,6500.0
2026-10-06,6785.TWO,94.0999984741211,94.0999984741211,92.80000305175781,93.0999984741211,45685.0
2026-10-06,6791.TWO,101.0,102.0,100.5,102.0,23042.0
2026-10-06,6803.TWO,266.0,266.0,263.0,263.0,103955.0
2026-10-06,6804.TWO,18.549999237060547,18.549999237060547,17.950000762939453,18.399999618530273,31550.0
2026-10-06,6811.TWO,246.5,254.0,245.5,248.5,375357.0
2026-10-06,6821.TWO,45.5,47.25,44.95000076293945,45.79999923706055,265313.0
2026-10-06,6823.TWO,61.70000076293945,61.70000076293945,60.099998474121094,61.20000076293945,40875.0
2026-10-06,6840.TWO,97.5999984741211,97.5999984741211,95.5,95.9000015258789,200902.0
2026-10-06,6841.TWO,55.599998474121094,56.20000076293945,55.20000076293945,56.099998474121094,90994.0
2026-10-06,6843.TWO,38.45000076293945,38.45000076293945,38.0,38.20000076293945,10020.0
2026-10-06,6855.TWO,112.0,112.0,111.5,111.5,6101.0
2026-10-05,6856.TWO,41.29999923706055,41.75,41.29999923706055,41.75,3000.0
2026-10-06,6859.TWO,123.0,123.5,122.5,123.0,34351.0
2026-10-06,6865.TWO,27.649999618530273,27.649999618530273,26.899999618530273,26.899999618530273,12231.0
2026-10-06,6870.TWO,317.0,322.5,310.5,310.5,58807.0
2026-10-06,6874.TWO,69.69999694824219,71.0,69.5,70.0999984741211,21918.0
2026-10-06,6875.TWO,27.049999237060547,28.600000381469727,26.950000762939453,27.299999237060547,256541.0
2026-10-06,6894.TWO,353.5,362.0,353.5,359.0,65328.0
2026-10-06,6899.TWO,50.099998474121094,50.099998474121094,49.099998474121094,49.5,20078.0
2026-10-06,6903.TWO,332.0,334.5,321.0,323.5,321661.0
2026-10-06,6904.TWO,122.0,123.0,122.0,123.0,2001.0
2026-10-06,6907.TWO,194.0,196.5,190.0,191.0,812438.0
2026-10-06,6910.TWO,25.600000381469727,25.600000381469727,25.549999237060547,25.600000381469727,14015.0
2026-10-06,6913.TWO,131.0,131.0,129.0,129.5,96472.0
2026-10-06,6922.TWO,215.0,218.0,211.0,211.0,75461.0
2026-10-06,6925.TWO,69.19999694824219,75.5,68.19999694824219,71.5,912597.0
2026-10-06,6929.TWO,22.899999618530273,22.899999618530273,21.200000762939453,21.5,10000.0
2026-10-06,6945.TWO,128.5,142.0,128.5,142.0,680069.0
2026-10-06,6961.TWO,46.099998474121094,46.099998474121094,45.79999923706055,45.95000076293945,48371.0
2026-10-06,6967.TWO,71.4000015258789,73.5,71.4000015258789,73.5,192228.0
2026-10-06,6971.TWO,23.950000762939453,23.950000762939453,23.600000381469727,23.850000381469727,17084.0
2026-10-06,6983.TWO,375.5,395.0,360.5,395.0,380350.0
2026-10-06,6996.TWO,166.0,167.5,166.0,167.0,23669.0
2026-10-06,6997.TWO,68.80000305175781,69.0,68.4000015258789,68.80000305175781,9984.0
2026-10-06,7402.TWO,100.0,100.5,99.30000305175781,99.5,103271.0
2026-10-06,7547.TWO,63.400001525878906,64.0,61.20000076293945,61.20000076293945,118483.0
2026-10-06,7556.TWO,309.0,314.0,288.0,295.5,318910.0
2026-10-06,7703.TWO,205.0,205.5,204.5,205.5,19792.0
2026-10-06,7704.TWO,59.599998474121094,61.0,59.599998474121094,60.599998474121094,27091.0
2026-10-06,7708.TWO,92.4000015258789,92.4000015258789,91.5,91.5999984741211,13615.0
2026-10-06,7709.TWO,88.30000305175781,88.30000305175781,85.0999984741211,88.0,159846.0
2026-10-06,7713.TWO,72.19999694824219,73.5,72.19999694824219,73.5,13000.0
2026-10-06,7714.TWO,170.0,173.5,168.0,168.0,280828.0
2026-10-06,7715.TWO,27.0,27.5,26.600000381469727,27.049999237060547,81020.0
2026-10-05,7716.TWO,24.450000762939453,24.450000762939453,24.450000762939453,24.450000762939453,0.0
2026-10-06,7717.TWO,606.0,651.0,593.0,593.0,3508214.0
2026-10-06,7723.TWO,18.200000762939453,19.850000381469727,18.200000762939453,19.850000381469727,822111.0
2026-10-06,7734.TWO,2790.0,2830.0,2755.0,2755.0,157998.0
2026-10-06,7738.TWO,156.5,156.5,153.0,156.0,55933.0
2026-10-06,7743.TWO,26.049999237060547,26.600000381469727,25.899999618530273,26.600000381469727,91983.0
2026-10-05,7747.TWO,112.0,112.0,111.5,111.5,2002.0
2026-10-06,7751.TWO,1620.0,1625.0,1560.0,1590.0,95525.0
2026-10-06,7753.TWO,35.900001525878906,35.900001525878906,35.599998474121094,35.70000076293945,17120.0
2026-10-06,7770.TWO,41.650001525878906,41.650001525878906,40.849998474121094,40.849998474121094,24000.0
2026-10-06,7772.TWO,167.5,167.5,151.0,151.0,1248942.0
2026-10-06,7777.TWO,39.349998474121094,40.70000076293945,37.04999923706055,37.400001525878906,3178904.0
2026-10-06,7782.TWO,25.299999237060547,26.299999237060547,25.0,25.200000762939453,24059.0
2026-10-06,7810.TWO,254.0,254.0,243.0,247.5,168921.0
2026-10-06,7811.TWO,72.0,72.19999694824219,72.0,72.19999694824219,9000.0
2026-10-06,7814.TWO,28.0,29.0,27.899999618530273,29.0,40180.0
2026-10-06,7819.TWO,33.25,33.25,33.099998474121094,33.099998474121094,34966.0
2026-10-06,7820.TWO,109.5,109.5,108.0,108.0,10427.0
2026-10-06,7825.TWO,80.5999984741211,80.9000015258789,78.5999984741211,78.5999984741211,195491.0
2026-10-06,7828.TWO,1840.0,1865.0,1830.0,1840.0,132786.0
2026-10-05,7842.TWO,98.69999694824219,98.69999694824219,96.9000015258789,97.9000015258789,10000.0
2026-10-06,8024.TWO,12.550000190734863,12.550000190734863,12.25,12.399999618530273,39018.0
2026-10-06,8027.TWO,209.5,213.5,207.0,209.5,2411955.0
2026-10-06,8032.TWO,36.400001525878906,36.79999923706055,36.150001525878906,36.400001525878906,71482.0
2026-10-06,8034.TWO,19.75,19.75,19.450000762939453,19.450000762939453,94151.0
2026-10-06,8038.TWO,35.599998474121094,35.599998474121094,34.5,34.650001525878906,120043.0
2026-10-06,8042.TWO,119.5,120.0,117.0,117.0,2279862.0
2026-10-06,8043.TWO,141.0,142.0,138.0,138.5,1011427.0
2026-10-06,8044.TWO,23.799999237060547,23.850000381469727,23.5,23.700000762939453,196986.0
2026-10-06,8048.TWO,50.599998474121094,52.0,50.5,51.79999923706055,110756.0
2026-10-06,8049.TWO,24.549999237060547,24.549999237060547,24.399999618530273,24.399999618530273,90300.0
2026-10-06,8059.TWO,17.799999237060547,18.0,17.549999237060547,17.549999237060547,57518.0
2026-10-06,8066.TWO,14.850000381469727,14.850000381469727,14.25,14.699999809265137,32032.0
2026-10-06,8068.TWO,17.399999618530273,17.450000762939453,17.049999237060547,17.149999618530273,192222.0
2026-10-06,8069.TWO,147.0,151.5,145.0,149.0,10786479.0
2026-10-06,8071.TWO,22.100000381469727,22.700000762939453,21.700000762939453,21.700000762939453,327571.0
2026-10-06,8074.TWO,56.599998474121094,57.900001525878906,56.099998474121094,56.099998474121094,929461.0
2026-10-06,8077.TWO,41.04999923706055,41.20000076293945,41.04999923706055,41.20000076293945,2016.0
2026-10-06,8080.TWO,28.0,28.399999618530273,27.850000381469727,28.399999618530273,28007.0
2026-10-06,8088.TWO,44.54999923706055,44.54999923706055,43.650001525878906,43.95000076293945,185584.0
2026-10-06,8089.TWO,19.350000381469727,19.350000381469727,19.200000762939453,19.350000381469727,84242.0
2026-10-06,8091.TWO,240.0,245.0,232.0,232.0,1224528.0
2026-10-06,8092.TWO,12.5,12.5,11.949999809265137,12.100000381469727,73511.0
2026-10-06,8093.TWO,24.899999618530273,26.450000762939453,24.799999237060547,26.25,71321.0
2026-10-06,8096.TWO,90.19999694824219,90.19999694824219,88.0,88.80000305175781,2220983.0
2026-10-06,8097.TWO,48.29999923706055,48.5,48.0,48.45000076293945,39214.0
2026-10-06,8102.TWO,59.599998474121094,59.599998474121094,56.5,57.0,21062.0
2026-10-06,8109.TWO,139.0,139.5,136.5,136.5,205467.0
2026-10-06,8111.TWO,98.9000015258789,99.69999694824219,90.5999984741211,92.30000305175781,39551103.0
2026-10-06,8121.TWO,32.400001525878906,32.650001525878906,31.299999237060547,31.850000381469727,1136539.0
2026-10-06,8147.TWO,146.0,146.0,140.5,140.5,329202.0
2026-10-06,8155.TWO,335.5,335.5,324.0,332.0,611110.0
2026-10-06,8182.TWO,44.5,45.400001525878906,42.150001525878906,42.400001525878906,1501290.0
2026-10-06,8227.TWO,366.0,377.0,350.0,370.0,661727.0
2026-10-06,8234.TWO,62.70000076293945,63.0,62.20000076293945,62.20000076293945,201181.0
2026-10-06,8240.TWO,58.0,58.0,55.5,55.599998474121094,944556.0
2026-10-06,8255.TWO,153.0,153.0,149.0,151.0,347860.0
2026-10-06,8272.TWO,60.5,60.5,60.0,60.099998474121094,26739.0
2026-10-06,8277.TWO,15.300000190734863,15.550000190734863,15.300000190734863,15.5,72932.0
2026-10-06,8284.TWO,67.5999984741211,67.5999984741211,67.5999984741211,67.5999984741211,1426.0
2026-10-06,8291.TWO,27.149999618530273,28.25,27.100000381469727,28.049999237060547,32336.0
2026-10-06,8349.TWO,40.150001525878906,41.20000076293945,40.150001525878906,41.099998474121094,230276.0
2026-10-06,8354.TWO,16.700000762939453,16.700000762939453,16.549999237060547,16.549999237060547,20047.0
2026-10-06,8383.TWO,69.9000015258789,72.30000305175781,69.0999984741211,70.0999984741211,1740098.0
2026-10-06,8390.TWO,89.30000305175781,93.0,89.0999984741211,92.0,566616.0
2026-10-06,8401.TWO,22.75,22.75,22.600000381469727,22.649999618530273,16010.0
2026-10-06,8409.TWO,18.0,18.0,18.0,18.0,5008.0
2026-10-06,8415.TWO,35.150001525878906,35.20000076293945,35.0,35.099998474121094,224027.0
2026-10-05,8416.TWO,169.0,170.0,169.0,169.5,4008.0
2026-10-06,8421.TWO,13.050000190734863,13.050000190734863,13.0,13.050000190734863,26452.0
2026-10-06,8423.TWO,17.799999237060547,18.700000762939453,17.799999237060547,17.899999618530273,42303.0
2026-10-06,8424.TWO,69.9000015258789,69.9000015258789,69.9000015258789,69.9000015258789,2056.0
2026-10-06,8426.TWO,20.350000381469727,20.799999237060547,20.299999237060547,20.700000762939453,38286.0
2026-10-06,8433.TWO,52.599998474121094,52.70000076293945,52.20000076293945,52.400001525878906,29000.0
2026-10-06,8435.TWO,53.20000076293945,53.20000076293945,52.900001525878906,53.0,40468.0
2026-10-06,8436.TWO,103.5,104.0,102.0,102.5,898406.0
2026-10-06,8437.TWO,11.0,12.100000381469727,10.850000381469727,11.699999809265137,179000.0
2026-10-06,8440.TWO,20.200000762939453,20.350000381469727,20.0,20.0,46791.0
2026-10-06,8446.TWO,85.80000305175781,86.19999694824219,85.19999694824219,86.0,58786.0
2026-10-06,8450.TWO,14.149999618530273,14.199999809265137,14.0,14.149999618530273,21550.0
2026-10-06,8477.TWO,14.0,14.100000381469727,13.949999809265137,14.100000381469727,13085.0
2026-10-06,8489.TWO,21.799999237060547,22.200000762939453,21.649999618530273,22.200000762939453,58847.0
2026-10-06,8906.TWO,28.5,28.850000381469727,28.5,28.850000381469727,11000.0
2026-10-06,8908.TWO,39.79999923706055,40.0,39.79999923706055,39.900001525878906,9906.0
2026-10-06,8916.TWO,40.900001525878906,40.95000076293945,40.79999923706055,40.849998474121094,28258.0
2026-10-06,8917.TWO,52.599998474121094,52.70000076293945,52.599998474121094,52.70000076293945,6004.0
2026-10-05,8921.TWO,16.450000762939453,16.450000762939453,16.450000762939453,16.450000762939453,0.0
2026-10-05,8923.TWO,18.100000381469727,18.100000381469727,18.0,18.0,2000.0
2026-10-06,8927.TWO,18.700000762939453,18.799999237060547,18.600000381469727,18.600000381469727,245757.0
2026-10-06,8928.TWO,22.700000762939453,22.700000762939453,22.399999618530273,22.450000762939453,51288.0
2026-10-06,8929.TWO,12.800000190734863,12.899999618530273,12.800000190734863,12.850000381469727,13164.0
2026-10-06,8932.TWO,91.9000015258789,91.9000015258789,90.0999984741211,90.0999984741211,817823.0
2026-10-06,8933.TWO,4.559999942779541,4.559999942779541,4.400000095367432,4.559999942779541,71455.0
2026-10-06,8937.TWO,25.950000762939453,25.950000762939453,24.899999618530273,25.049999237060547,49979.0
2026-10-06,8938.TWO,52.400001525878906,52.400001525878906,51.599998474121094,51.599998474121094,37294.0
2026-10-06,8941.TWO,43.95000076293945,44.0,43.20000076293945,43.900001525878906,12585.0
2026-10-06,8942.TWO,40.0,40.54999923706055,39.900001525878906,40.20000076293945,206855.0
2026-10-06,9949.TWO,24.049999237060547,24.100000381469727,24.0,24.100000381469727,20347.0
2026-10-06,9950.TWO,10.199999809265137,10.350000381469727,10.149999618530273,10.199999809265137,13098.0
2026-10-06,9951.TWO,46.5,46.5,46.099998474121094,46.400001525878906,67524.0
2026-10-05,9960.TWO,37.849998474121094,38.900001525878906,37.849998474121094,38.04999923706055,12000.0
2026-10-06,9962.TWO,10.300000190734863,10.300000190734863,10.0,10.199999809265137,113045.0
